path,fullname,composer_gender,name
"Kontski, Anton de, Le Réveil du Lion, Op.115, l9W5ece_uPQ.mid", Anton de Kontski,male, Op.115
"Vītols, Jāzeps, Berceuse et Etude, Op.18, x5U44QedgdA.mid", Jāzeps Vītols,male, Op.18
"Liebling, Emil, Albumblatt, Op.18, pJXT30nQXNA.mid", Emil Liebling,male, Op.18
"Teilman, Christian, Kværnkallen, r1FwqIM0zqE.mid", Christian Teilman,male, Kværnkallen
"Liszt, Franz, 5 Klavierstücke, S.192, KU3KglL3deA.mid", Franz Liszt,male, S.192
"Viger, François, Gigue in C major, 9B4QCS_XJu0.mid", François Viger,male, Gigue in C major
"Liszt, Franz, Fantasie über Themen aus Mozarts Figaro und Don Giovanni, S.697, ZVevtrU8Oik.mid", Franz Liszt,male, S.697
"Godowsky, Leopold, Renaissance, 5hYl_Z5fcAU.mid", Leopold Godowsky,male, Renaissance
"Massenet, Jules, Valse folle, q8mVEFbTLCQ.mid", Jules Massenet,male, Valse folle
"Poulenc, Francis, Pastourelle, FP 45, mcf9RJU7q_k.mid", Francis Poulenc,male, FP 45
"Liszt, Franz, Buch der Lieder II, S.535–540, c4T2umKzhPo.mid", Franz Liszt,male, S.535–540
"Liszt, Franz, Album-Leaf 'Serenade', S.166g, 5kpfHNIyiWI.mid", Franz Liszt,male, S.166g
"Haussmann, Valentin, Fuga prima, gsNa8sKpk3M.mid", Valentin Haussmann,male, Fuga prima
"Friedman, Ignaz, 4 Preludes, Op.48, AYWz64r1UvI.mid", Ignaz Friedman,male, Op.48
"Liszt, Franz, Rondeau fantastique sur un thème espagnol, S.252, 2LZpIsqC-Ws.mid", Franz Liszt,male, S.252
"Poulenc, Francis, 5 Impromptus, FP 21, OTzmPNmNTaw.mid", Francis Poulenc,male, FP 21
"Huber, Adolf, Barcarolle, Op.13, -wB6TSBoK6g.mid", Adolf Huber,male, Op.13
"Liszt, Franz, Grande fantaisie sur des motifs de Niobe, S.419, u4VLabkCX0E.mid", Franz Liszt,male, S.419
"Poulenc, Francis, Badinage, FP 73, rG-5Kwx5UC4.mid", Francis Poulenc,male, FP 73
"Liszt, Franz, Andante Finale und Marsch aus der Oper König Alfred, S.421, 8oiyJANrUiU.mid", Franz Liszt,male, S.421
"Nollet, Eugène, Rigodon, Op.51, Srz78h5P05g.mid", Eugène Nollet,male, Op.51
"Liszt, Franz, God Save the Queen, S.235, zxoS6zZZUkc.mid", Franz Liszt,male, S.235
"Schytte, Ludvig, 4 Karakterstykker, Op.12, xRFGViAliLU.mid", Ludvig Schytte,male, Op.12
"Liszt, Franz, Études d'exécution transcendante d'après Paganini, S.140, LNTJyUeEL-c.mid", Franz Liszt,male, S.140
"Prokofiev, Sergey, 2 Pushkin Waltzes, Op.120, pR_3by1PZts.mid", Sergey Prokofiev,male, Op.120
"Richards, Brinley, Marie, Op.60, QbLkSKXw2C8.mid", Brinley Richards,male, Op.60
"Wichtl, Georg, Trombone Concertino, a8FU5SjG7io.mid", Georg Wichtl,male, Trombone Concertino
"Amadeo, Gaetano, Offertoire, POJBHEp3V5k.mid", Gaetano Amadeo,male, Offertoire
"Schmitt, Florent, 3 Valses-Nocturnes, Op.31, kaeiLgi8f6w.mid", Florent Schmitt,male, Op.31
"Liszt, Franz, 2 Episoden aus Lenau's Faust, S.110, 5t7SdyXrLpU.mid", Franz Liszt,male, S.110
"Liszt, Franz, Abschied, S.251, hjuQ7I7vmH4.mid", Franz Liszt,male, S.251
"Demarin, Luka, Tarantella, Op.60, aW4p5JzHKvE.mid", Luka Demarin,male, Op.60
"Nollet, Eugène, Les talons rouges, Op.63, iGvlyE7FxBY.mid", Eugène Nollet,male, Op.63
"Gobbaerts, Louis, Les étoiles d'or, q45gMYVCKUg.mid", Louis Gobbaerts,male, Les étoiles d'or
"Richards, Brinley, Auld Lang Syne, Op.57, 84X4gAcsNPs.mid", Brinley Richards,male, Op.57
"Schmitt, Florent, Feuillets de voyage, Op.26, jJmW0ZlcK_8.mid", Florent Schmitt,male, Op.26
"Schmitt, Florent, Small gestures, Op.92, _G-S8rJi2H0.mid", Florent Schmitt,male, Op.92
"John, Charles, Marche, Op.55, xbtXZCO0RAA.mid", Charles John,male, Op.55
"Tcherepnin, Aleksandr, Petite Suite, sFE9xPLhylA.mid", Aleksandr Tcherepnin,male, Petite Suite
"Gobbaerts, Louis, 12 Easy and Melodious Studies, Op.64, GBQDRk_ZPww.mid", Louis Gobbaerts,male, Op.64
"Reinhold, Hugo, 5 Toskanische Lieder, Op.49, e-APgBJTKTI.mid", Hugo Reinhold,male, Op.49
"Liszt, Franz, Sarabande und Chaconne aus dem Singspiel Almira, S.181, j5vAOJsQTbE.mid", Franz Liszt,male, S.181
"Liszt, Franz, Unstern, S.208, N9TlhjRrqNU.mid", Franz Liszt,male, S.208
"Brown, Sean Franklin, Nocturne in D-flat major, Z8gMKUtBT0w.mid", Sean Franklin Brown,male, Nocturne in D-flat major
"Kalkbrenner, Friedrich Wilhelm, Grande sonate brillante, Op.177, jFfPV9y0h2k.mid", Friedrich Wilhelm Kalkbrenner,male, Op.177
"Kalliwoda, Johann Wenzel, Allegro, Op.162, qmdfi2ADN5M.mid", Johann Wenzel Kalliwoda,male, Op.162
"Massenet, Jules, Les rosati, G461JEL0F_8.mid", Jules Massenet,male, Les rosati
"Bach, Christoph, Funeral March to the Memory of Abraham Lincoln, idkjDVHadhw.mid", Christoph Bach,male, Funeral March to the Memory of Abraham Lincoln
"Prokofiev, Sergey, Piano Sonata No.2, Op.14, PZN7XLKzLDI.mid", Sergey Prokofiev,male, Op.14
"Schytte, Ludvig, Zu Zweien am Klavier, hn7jDy6SyxU.mid", Ludvig Schytte,male, Zu Zweien am Klavier
"Liszt, Franz, Schlaflos! Frage und Antwort, S.203, oZNHCxwOMm0.mid", Franz Liszt,male, S.203
"Teilman, Christian, Strømnes Marschen, ASeSwKDEgr0.mid", Christian Teilman,male, Strømnes Marschen
"Ekert, Matias, Ein Fichtenbaum, 8krUrgP6X6k.mid", Matias Ekert,male, Ein Fichtenbaum
"Liszt, Franz, Dem Andenken Petöfis, S.195, XfmHXk5riUM.mid", Franz Liszt,male, S.195
"Liszt, Franz, Impromptu, S.191, nLazlKjDukA.mid", Franz Liszt,male, S.191
"Godowsky, Leopold, Passacaglia, f0nlJXooIVc.mid", Leopold Godowsky,male, Passacaglia
"Nin, Joaquín, Canto de cuna para los huérfanos de España, RRZF40wGa4M.mid", Joaquín Nin,male, Canto de cuna para los huérfanos de España
"Antipov, Konstantin, 5 Morceaux, Op.5, HrSlaPr1Aak.mid", Konstantin Antipov,male, Op.5
"Liszt, Franz, Festmarsch nach Motiven von E.H.z.S.-C.-G., S.116, 2U3rziH28X0.mid", Franz Liszt,male, S.116
"Gabunia, Nodar, Improvisation and Toccata, sn2sVhMRAKY.mid", Nodar Gabunia,male, Improvisation and Toccata
"Prokofiev, Sergey, Pensées, Op.62, UASn6myKlP0.mid", Sergey Prokofiev,male, Op.62
"Wagner, Richard, Albumblatt für Frau Betty Schott, WWV 108, _A3BxhOpjU0.mid", Richard Wagner,male, WWV 108
"Liszt, Franz, Toccata, S.197a, jONVK5R20Bc.mid", Franz Liszt,male, S.197a
"Poulenc, Francis, Villageoises, FP 65, O1ieQIMh56I.mid", Francis Poulenc,male, FP 65
"Wagner, Richard, Ankunft bei den schwarzen Schwänen, WWV 95, 83pIdDPBQg4.mid", Richard Wagner,male, WWV 95
"Hasselmans, Alphonse, Romance, fMA6zOB_52Y.mid", Alphonse Hasselmans,male, Romance
"Liszt, Franz, Mélodies hongroises d'après Franz Schubert, S.425, M57_MM-A2UM.mid", Franz Liszt,male, S.425
"Ekert, Matias, Kleine Suite, SY98t2XeodA.mid", Matias Ekert,male, Kleine Suite
"Liszt, Franz, Études d'exécution transcendante, S.139, xBe_LKngwys.mid", Franz Liszt,male, S.139
"Poulenc, Francis, Les soirées de Nazelles, FP 84, Fj165Gsfoeg.mid", Francis Poulenc,male, FP 84
"Kalkbrenner, Friedrich Wilhelm, Variations brillantes on a Mazurka of Chopin, Op.120, 6pcWfUysK0Y.mid", Friedrich Wilhelm Kalkbrenner,male, Op.120
"Laguna, Julián, Aurora boreal, aHRjc6jurqQ.mid", Julián Laguna,male, Aurora boreal
"Roslavets, Nikolay, Piano Sonata No.2, lhi-ktxHcJU.mid", Nikolay Roslavets,male, Piano Sonata No.2
"Wagner, Richard, In das Album der Fürstin Metternich, WWV 94, VDhul7bCB60.mid", Richard Wagner,male, WWV 94
"Bizet, Georges, Romances sans paroles, e9NnKUXru9w.mid", Georges Bizet,male, Romances sans paroles
"Teilman, Christian, Menuet, Op.52, VJ3jxr5E9J4.mid", Christian Teilman,male, Op.52
"Liszt, Franz, Scherzo in G minor, S.153, G7G7V-HcnAU.mid", Franz Liszt,male, S.153
"Strauss Sr., Johann, Tanz-Signale, Op.218, oBDLDnnx0Xg.mid", Johann Strauss Sr.,male, Op.218
"Bizet, Georges, Nocturne in D major, E0OmCB2OvX0.mid", Georges Bizet,male, Nocturne in D major
"Krentzlin, Richard, Festpolonaise, Op.11, -nE34IFzNj0.mid", Richard Krentzlin,male, Op.11
"Liszt, Franz, Hungarian Rhapsody No.19, S.244_19, zUeEJn2aezk.mid", Franz Liszt,male, S.244_19
"Teilman, Christian, När Trädens Blad de Falla, Jkr3eh58j-I.mid", Christian Teilman,male, När Trädens Blad de Falla
"Van Hoorick, Geert, Oboe Sonata No.1, Op.4, KSG_OwrxPTU.mid", Geert Van Hoorick,male, Op.4
"Liszt, Franz, Galop de bal, S.220, xowGECqRvCg.mid", Franz Liszt,male, S.220
"Poulenc, Francis, Esquisse d’une fanfare, FP 25, VKt6Emx4NoM.mid", Francis Poulenc,male, FP 25
"Ernst, Philip, 20 Petites bagatelles agréables, fI2x2KxBuo4.mid", Philip Ernst,male, 20 Petites bagatelles agréables
"Schytte, Ludvig, Promenades musicales, Op.26, jHSFiI5Xzr4.mid", Ludvig Schytte,male, Op.26
"Liszt, Franz, Valse mélancolique, S.210, bCMUbOfVTbU.mid", Franz Liszt,male, S.210
"Liszt, Franz, R.W. - Venezia, S.201, 4QQ44NJPsZM.mid", Franz Liszt,male, S.201
"Teilman, Christian, Fra Holbergs Tid, Op.96, lD0sfURrFqs.mid", Christian Teilman,male, Op.96
"Benevoli, Orazio, Prelude in E mixolydian, NdKO0Ge1oIs.mid", Orazio Benevoli,male, Prelude in E mixolydian
"Pasquini, Bernardo, Sonata for 2 Keyboards, nnPZDsqSFoU.mid", Bernardo Pasquini,male, Sonata for 2 Keyboards
"Richter, Josef, Lied ohne Worte, D7ycjqaA7bA.mid", Josef Richter,male, Lied ohne Worte
"Reinhold, Hugo, Variationen über ein eigenes Thema, Op.62, zXqoGG-haog.mid", Hugo Reinhold,male, Op.62
"Bennett, William Sterndale, Rondo Piacevole, Op.25, JmKqWWDfgJY.mid", William Sterndale Bennett,male, Op.25
"Sauter, Louis, 2 Pièces pour piano, Op.3, Q-SLQHznkIA.mid", Louis Sauter,male, Op.3
"Bennett, William Sterndale, 3 Diversions, Op.17, vbeevB49sxo.mid", William Sterndale Bennett,male, Op.17
"Peyer, Johann Baptist, Fuga quarti toni, RW 45, NT53fTwjn5g.mid", Johann Baptist Peyer,male, RW 45
"Liszt, Franz, Marche et Cavatine de Lucie de Lammermoor, S.398, H3BfZ8tfWsA.mid", Franz Liszt,male, S.398
"Godowsky, Leopold, Prelude and Fugue, 5128I-Wgm3E.mid", Leopold Godowsky,male, Prelude and Fugue
"Schytte, Ludvig, 2 Morceaux, cuLRuCA-KkE.mid", Ludvig Schytte,male, 2 Morceaux
"Sekles, Bernhard, Skizzen, Op.10, WcG3gD-i4yQ.mid", Bernhard Sekles,male, Op.10
"Echeverría, José María, Piano Pieces, Op.14, JuRjzZko4Vc.mid", José María Echeverría,male, Op.14
"Prokofiev, Sergey, 6 Pieces from Cinderella, Op.102, 6uo2bD7oNv0.mid", Sergey Prokofiev,male, Op.102
"Pachelbel, Johann, Arietta and 9 Variations in F major, P.29, aW0MMEjD1oQ.mid", Johann Pachelbel,male, P.29
"Bartók, Béla, Romanian Christmas Carols, Sz.57, hMsXdiNuCPI.mid", Béla Bartók,male, Sz.57
"Liszt, Franz, Der du von dem Himmel bist, S.279, 6WuZqSqlSwE.mid", Franz Liszt,male, S.279
"Wallace, William Vincent, La gondola, Op.18, UuwUYJk1ybw.mid", William Vincent Wallace,male, Op.18
"Massenet, Jules, 10 Pièces de genre, Op.10, BD3xm85d98c.mid", Jules Massenet,male, Op.10
"Teilman, Christian, Vikingens Festmarsch, oljtzj1YMHU.mid", Christian Teilman,male, Vikingens Festmarsch
"Liszt, Franz, 2 Stücke aus Tannhäuser und Lohengrin, S.445, btguV6uPyAs.mid", Franz Liszt,male, S.445
"Roslavets, Nikolay, 5 Preludes, qJlxl8Dpbp0.mid", Nikolay Roslavets,male, 5 Preludes
"Bartók, Béla, Piano Sonata, Sz.80, lpIlo8tGbSo.mid", Béla Bartók,male, Sz.80
"Galuppi, Baldassare, Harpsichord Sonata in A major, R.49, gq10kfpKbnY.mid", Baldassare Galuppi,male, R.49
"Sauter, Louis, Vagabondages, md3538N05hY.mid", Louis Sauter,male, Vagabondages
"Reinhold, Hugo, Ständchen, HG_bp5bFHIk.mid", Hugo Reinhold,male, Ständchen
"Delahaye, Léon, Sérénade, Op.13, 3bfQa1zpcXw.mid", Léon Delahaye,male, Op.13
"Liszt, Franz, Réminiscences de Don Juan, S.418, JI6JfJXcUjU.mid", Franz Liszt,male, S.418
"Niemann, Rudolf, Valse de Salon, Op.30, lq4iBO3H16Y.mid", Rudolf Niemann,male, Op.30
"Niemann, Rudolf, Valse de Concert, Op.36, N8qXZNQMNcI.mid", Rudolf Niemann,male, Op.36
"Echeverría, José María, Un cuento, Op.20, qm31wgQjBF4.mid", José María Echeverría,male, Op.20
"Liszt, Franz, Phantasiestück über Motive aus 'Rienzi', S.439, UNEff-PiGmI.mid", Franz Liszt,male, S.439
"Godowsky, Leopold, Twilight Thoughts, A3e3LhSoOzE.mid", Leopold Godowsky,male, Twilight Thoughts
"Wright, Lawrence, Are we Downhearted? No!, RflQOwRdw4k.mid", Lawrence Wright,male, Are we Downhearted? No!
"Hasselmans, Alphonse, Nocturne, Op.43, PT91KEbyF4Q.mid", Alphonse Hasselmans,male, Op.43
"Liszt, Franz, Les adieux, S.409, rSrmtNNum3g.mid", Franz Liszt,male, S.409
"Friedman, Ignaz, Polnische Lyrik, Op.60, fLuczon_LbY.mid", Ignaz Friedman,male, Op.60
"Tomkins, Thomas, Fantasia a 6 No.3, sKnvoimtE8k.mid", Thomas Tomkins,male, Fantasia a 6 No.3
"Liszt, Franz, 2 Konzertetüden, S.145, 6GQ2otGSr0k.mid", Franz Liszt,male, S.145
"Nietzsche, Friedrich, Ungarischer Marsch, 10jouGWqGmM.mid", Friedrich Nietzsche,male, Ungarischer Marsch
"Kalkbrenner, Friedrich Wilhelm, Grand Quintetto, Op.81, 8qySuIb7Fvs.mid", Friedrich Wilhelm Kalkbrenner,male, Op.81
"Peyer, Johann Baptist, Fuga tertii toni, RW 40, 1MKchgd0VLU.mid", Johann Baptist Peyer,male, RW 40
"Liszt, Franz, Am stillen Herd, S.448, 3QxhIRDw-zE.mid", Franz Liszt,male, S.448
"Peyer, Johann Baptist, Fuga quarti toni, RW 47, NT53fTwjn5g.mid", Johann Baptist Peyer,male, RW 47
"Joncières, Victorin de, 2 Romances sans paroles, Op.19, 6efOXhOSgpw.mid", Victorin de Joncières,male, Op.19
"Liszt, Franz, Album d'un voyageur, S.156, olNJqtCkY50.mid", Franz Liszt,male, S.156
"Liszt, Franz, Mephisto Waltz No.4, S.216b, P1B7t7-rHRQ.mid", Franz Liszt,male, S.216b
"Liszt, Franz, Vexilla regis prodeunt, S.185, n_ido2UzXFM.mid", Franz Liszt,male, S.185
"Witthauer, Johann Georg, Allegretto, fNYJs947_FY.mid", Johann Georg Witthauer,male, Allegretto
"Liszt, Franz, Fantaisie sur l'opéra hongroise Szép Ilonka, S.417, UN9uOL5EUCg.mid", Franz Liszt,male, S.417
"Liszt, Franz, Préludes et Harmonies poétiques et religieuses, S.171d, jJIXU8ZxdA0.mid", Franz Liszt,male, S.171d
"Kalliwoda, Johann Wenzel, Divertissement in F major, Op.28, 7WpdN7pFq1A.mid", Johann Wenzel Kalliwoda,male, Op.28
"Liszt, Franz, Csárdás macabre, S.224, EKbyQfSxGS8.mid", Franz Liszt,male, S.224
"Teilman, Christian, Elegie, cz0gyZgBHtk.mid", Christian Teilman,male, Elegie
"Godowsky, Leopold, Triakontameron, Yjz4QvRXj5w.mid", Leopold Godowsky,male, Triakontameron
"Liszt, Franz, 3 Études de concert, S.144, 4RCS99LVsls.mid", Franz Liszt,male, S.144
"Liszt, Franz, Vom Fels zum Meer!, S.229, LI9u_HeeSL4.mid", Franz Liszt,male, S.229
"Prokofiev, Sergey, 4 Pieces for Piano, Op.32, yfDWPi03fqM.mid", Sergey Prokofiev,male, Op.32
"Liszt, Franz, Hungarian Rhapsody No.17, S.244_17, UmHTLJWKcVs.mid", Franz Liszt,male, S.244_17
"Liszt, Franz, Illustrations du Prophète, S.414, TiuSXhFQDNY.mid", Franz Liszt,male, S.414
"Fernández, Oscar Lorenzo, Suite da Boneca Yayá, OaShGvvvY0o.mid", Oscar Lorenzo Fernández,male, Suite da Boneca Yayá
"Friedman, Ignaz, 5 Aquarelles, Op.18, EgXflY0k3KM.mid", Ignaz Friedman,male, Op.18
"Sauter, Louis, Variations on 'We Wish You a Merry Christmas', QArRL0Q1_qg.mid", Louis Sauter,male, Variations on 'We Wish You a Merry Christmas'
"Massenet, Jules, Valse très lente, kXwyG3S30yU.mid", Jules Massenet,male, Valse très lente
"Vītols, Jāzeps, 10 Chants populaires Lettons, Op.29, qJpYO7YRAig.mid", Jāzeps Vītols,male, Op.29
"Liszt, Franz, Buch der Lieder I, S.531, ds8qzdh9_Jg.mid", Franz Liszt,male, S.531
"Tausig, Carl, Fantasia on Moniuszko's 'Halka', 9gVS8D8lovY.mid", Carl Tausig,male, Fantasia on Moniuszko's 'Halka'
"Liszt, Franz, Soirées musicales de Rossini, S.424, 8IC_H3etCPU.mid", Franz Liszt,male, S.424
"Liszt, Franz, Hungarian Rhapsody No.4, S.244_4, YB860I9hMnI.mid", Franz Liszt,male, S.244_4
"Liszt, Franz, Magyar rapszódiák, S.242, N3WlWqc9Rg4.mid", Franz Liszt,male, S.242
"Zappa, Francesco, Cello Sonata in F major, FraZ I-a1, T8zyyfu0GZY.mid", Francesco Zappa,male, FraZ I-a1
"Sauter, Louis, Umbriel, XeBBsFrM4es.mid", Louis Sauter,male, Umbriel
"Liszt, Franz, Fantaisie sur des motifs favoris de l'opéra 'La sonnambula', S.393, ZmXyqtPxBSs.mid", Franz Liszt,male, S.393
"Richards, Brinley, The Last Rose of Summer, Op.45, CHUUsyev13s.mid", Brinley Richards,male, Op.45
"Teilman, Christian, Le Jeu des Vagues, Op.85, peKgR1u7Msc.mid", Christian Teilman,male, Op.85
"Prokofiev, Sergey, The Love for Three Oranges (opera), Op.33, Y0s3bCL1CrA.mid", Sergey Prokofiev,male, Op.33
"Teilman, Christian, Nocturne in F minor, 4pXebVnvMe8.mid", Christian Teilman,male, Nocturne in F minor
"Richards, Brinley, Louise, Op.67, s6tO629tMOA.mid", Brinley Richards,male, Op.67
"Godowsky, Leopold, Intermezzo, 6GfORbmSRAM.mid", Leopold Godowsky,male, Intermezzo
"Galuppi, Baldassare, Harpsichord Sonata in C major, T.27, UknLdFa9058.mid", Baldassare Galuppi,male, T.27
"Liszt, Franz, Heroischer Marsch in ungarischem Stil, S.231, xzfe6fW-Das.mid", Franz Liszt,male, S.231
"Michel, Friedrich, Tarantella Siciliana, Op.69, h6BiK-PVqEE.mid", Friedrich Michel,male, Op.69
"Liszt, Franz, Hungarian Rhapsody No.13, S.244_13, 5qrH8_8OFqg.mid", Franz Liszt,male, S.244_13
"Liszt, Franz, Miserere du Trovatore, S.433, aMjdD4W7WhI.mid", Franz Liszt,male, S.433
"Ockeghem, Johannes, Fors seulement contre ce qu'ay promys, d10Kwl3wM1w.mid", Johannes Ockeghem,male, Fors seulement contre ce qu'ay promys
"Galuppi, Baldassare, Sanctus in D major, bR2V5CQ-evk.mid", Baldassare Galuppi,male, Sanctus in D major
"Friedman, Ignaz, Episodes Lyriques, Op.59, 45XW6Qwonmc.mid", Ignaz Friedman,male, Op.59
"Liszt, Franz, Ländler in A-flat major, S.211, PUNVf4lReHQ.mid", Franz Liszt,male, S.211
"Liszt, Franz, Hungarian Rhapsody No.12, S.244_12, xAoLsWMKIx8.mid", Franz Liszt,male, S.244_12
"Liszt, Franz, O du mein holder Abendstern, S.444, _Mbx22x2GWc.mid", Franz Liszt,male, S.444
"Bartók, Béla, Burlesques, Sz.47, E-PPo1H0Opo.mid", Béla Bartók,male, Sz.47
"Reinhold, Hugo, 4 Piano Pieces, Op.52, v0VMrKI8fVI.mid", Hugo Reinhold,male, Op.52
"Liszt, Franz, Ave Maria (Die Glocken von Rom), S.182, C6KnuGjvfGM.mid", Franz Liszt,male, S.182
"Andersen, Joachim, Opera Transcriptions, Op.45, Q_My9hIlOOo.mid", Joachim Andersen,male, Op.45
"Tomášek, Václav Jan, 3 Ditirambi, Op.65, 1-dz-rWCMMY.mid", Václav Jan Tomášek,male, Op.65
"Ismagilov, Timur, Spring Sketches, 2QxuHQoT5Dk.mid", Timur Ismagilov,male, Spring Sketches
"Liszt, Franz, Concerto pathétique, S.258, VkZPzfwL0xw.mid", Franz Liszt,male, S.258
"Damse, Józef, Podróż po Europie, hxWeXMapSTk.mid", Józef Damse,male, Podróż po Europie
"Vītols, Jāzeps, Piano Sonata, Op.1, 1pbIVoYqohM.mid", Jāzeps Vītols,male, Op.1
"Niemann, Rudolf, Träumerei, Op.38, C1Mv_jTP6Qs.mid", Rudolf Niemann,male, Op.38
"Delahaye, Léon, Songes bleux, Op.22, juY0Ziqknpk.mid", Léon Delahaye,male, Op.22
"Prokofiev, Sergey, Piano Sonata No.9, Op.103, 8TuyhdMkaCs.mid", Sergey Prokofiev,male, Op.103
"Liszt, Franz, Réminiscences de Lucrezia Borgia, S.400, e-XtfYTLi2Y.mid", Franz Liszt,male, S.400
"Prokofiev, Sergey, Piano Sonata No.4, Op.29, KYm6Oqn0XNg.mid", Sergey Prokofiev,male, Op.29
"Scriabin, Yulian, 4 Preludes, PbCsHTonpUg.mid", Yulian Scriabin,male, 4 Preludes
"Godowsky, Leopold, 3 Pieces, Op.12, _BGpuyvddCM.mid", Leopold Godowsky,male, Op.12
"Hasselmans, Alphonse, Prélude, Op.53, X8p30-Fam6U.mid", Alphonse Hasselmans,male, Op.53
"Roslavets, Nikolay, 2 Compositions, anAoRgyAE2c.mid", Nikolay Roslavets,male, 2 Compositions
"Liszt, Franz, Grosse Konzertfantasie über spanische Weisen, S.253, HPBShS8vrnc.mid", Franz Liszt,male, S.253
"Tcherepnin, Aleksandr, Feuilles libres, Op.10, IiyC2Qq9uMw.mid", Aleksandr Tcherepnin,male, Op.10
"Nollet, Eugène, Marche des Houris, Op.66, SWpao854j50.mid", Eugène Nollet,male, Op.66
"Tcherepnin, Aleksandr, Toccata, Op.1, -6OPOXMuybc.mid", Aleksandr Tcherepnin,male, Op.1
"Schytte, Ludvig, Naturstemninger, Op.22, b7CfLbC2hHE.mid", Ludvig Schytte,male, Op.22
"Gabunia, Nodar, Children's Pieces for Grown-Ups, tg9eJnSI5Lk.mid", Nodar Gabunia,male, Children's Pieces for Grown-Ups
"Liebling, Georg, 2 Romances sans paroles, Op.13, w7I-Niwh6Vg.mid", Georg Liebling,male, Op.13
"Liszt, Franz, Marche hongroise, S.233b, LYkbTnAEOf4.mid", Franz Liszt,male, S.233b
"Panchenko, Semyon, 3 Preludes, Op.66, cIy9IvYBJd0.mid", Semyon Panchenko,male, Op.66
"Shekhter, Boris, 4 Lyrical Preludes, Op.2, Y8409iqujvg.mid", Boris Shekhter,male, Op.2
"Vītols, Jāzeps, 3 Preludes, Op.16, ktK0ubZARV4.mid", Jāzeps Vītols,male, Op.16
"Hasselmans, Alphonse, Au monastère, Op.29, U8eV39DwlqU.mid", Alphonse Hasselmans,male, Op.29
"Kontski, Anton de, Les ruines de Hapsal, Op.174, 9rMLWxKszeQ.mid", Anton de Kontski,male, Op.174
"Bellenot, Philippe, Impromptu, tbhUregOwFo.mid", Philippe Bellenot,male, Impromptu
"Poulenc, Francis, Napoli, FP 40, SwHOg-x-SL8.mid", Francis Poulenc,male, FP 40
"Liszt, Franz, Andantino pour Emile et Charlotte Loudon, S.163a_2, _H1Ytu_NhfE.mid", Franz Liszt,male, S.163a_2
"Liszt, Franz, Hungarian Rhapsody No.5, S.244_5, M8eCrvD8cp8.mid", Franz Liszt,male, S.244_5
"Wagner, Richard, Eine Sonate für das Album von Frau M.W., WWV 85, jAOMT7zHlUo.mid", Richard Wagner,male, WWV 85
"Richards, Brinley, Die Klosterkirche, Op.27, GnDfbQ4QwL0.mid", Brinley Richards,male, Op.27
"Massenet, Jules, Année passée, tH4npu8tpsM.mid", Jules Massenet,male, Année passée
"Bartók, Béla, Sonatina, Sz.55, k46f7qqe5qc.mid", Béla Bartók,male, Sz.55
"Nietzsche, Friedrich, So lach doch mal, eHCI0n-KZ_8.mid", Friedrich Nietzsche,male, So lach doch mal
"Pachelbel, Johann, Fantasia in C major, P.123, VMafcx6G6tY.mid", Johann Pachelbel,male, P.123
"Shekhter, Boris, Piano Sonata No.1, Op.1, kPwPROrHZ7s.mid", Boris Shekhter,male, Op.1
"Gobbaerts, Louis, 12 Very Easy and Melodious Studies, Op.63, dfHxXqo34TM.mid", Louis Gobbaerts,male, Op.63
"Liszt, Franz, Paraphrase de concert sur Rigoletto, S.434, mu_sVBOmE2A.mid", Franz Liszt,male, S.434
"Kontski, Anton de, Esquisse mélodique sur la Romance 'Rappele-Toi', Op.99, k-_WOk3ZOSE.mid", Anton de Kontski,male, Op.99
"Roslavets, Nikolay, Piano Sonata No.5, FB68-gxA-W4.mid", Nikolay Roslavets,male, Piano Sonata No.5
"Liszt, Franz, Spinnerlied aus dem Fliegenden Holländer, S.440, J4Uktv9Repw.mid", Franz Liszt,male, S.440
"Morley, Thomas, Singing Alone, nldkvCaAC4c.mid", Thomas Morley,male, Singing Alone
"Demarin, Luka, Loccata No.1, Op.4, y7EtI0QZeeA.mid", Luka Demarin,male, Op.4
"Liszt, Franz, Album-Leaf 'Preludio', S.164j, 5kpfHNIyiWI.mid", Franz Liszt,male, S.164j
"Liszt, Franz, In festo transfigurationis Domini nostri Jesu Christi, S.188, sEYEuA5LKmc.mid", Franz Liszt,male, S.188
"Piaggio, Celestino, Piano Sonata, LqDqnaijjr0.mid", Celestino Piaggio,male, Piano Sonata
"Brandeis, Frederick, Capriccietto in G-flat major, 3vzdW7U_BTc.mid", Frederick Brandeis,male, Capriccietto in G-flat major
"Schmitt, Florent, Musiques intimes, Op.16, eD6u2Mb3iAg.mid", Florent Schmitt,male, Op.16
"Liszt, Franz, Grande fantaisie sur la tyrolienne de l'opéra La fiancée de Auber, S.385, hbIiHM3qSMQ.mid", Franz Liszt,male, S.385
"Schmitt, Florent, Ombres, Op.64, y9_QXpwODXM.mid", Florent Schmitt,male, Op.64
"Willis, Floyd, The Queen Rag, W72Jao6DzQY.mid", Floyd Willis,male, The Queen Rag
"Liszt, Franz, Valse-Impromptu, S.213, cKXFu8nv5XY.mid", Franz Liszt,male, S.213
"Schmitt, Florent, Nuits romaines, Op.23, uu_KdqG4VA0.mid", Florent Schmitt,male, Op.23
"Nollet, Eugène, L'heure du couvre-feu, Op.56, v3z62tUYaJc.mid", Eugène Nollet,male, Op.56
"Kalkbrenner, Friedrich Wilhelm, 3 Nocturnes, Op.187, KAv8HQzdtw8.mid", Friedrich Wilhelm Kalkbrenner,male, Op.187
"Teilman, Christian, Tonebilleder, SVKTdhihqZk.mid", Christian Teilman,male, Tonebilleder
"Bianciardi, Francesco, Ave gratia plena, jq3Z6Uw26n8.mid", Francesco Bianciardi,male, Ave gratia plena
"Tausig, Carl, Ungarische Zigeunerweisen, 7Xk4vQFHTrY.mid", Carl Tausig,male, Ungarische Zigeunerweisen
"Ismagilov, Timur, Fantasia for Clavichord, xbi0KRjIY7o.mid", Timur Ismagilov,male, Fantasia for Clavichord
"Schytte, Ludvig, Piano Sonata, Op.53, 5q72vXcAW0o.mid", Ludvig Schytte,male, Op.53
"Schmitt, Florent, Tombeau de Paul Dukas, WHq9UI4QkEA.mid", Florent Schmitt,male, Tombeau de Paul Dukas
"Kalliwoda, Johann Wenzel, Piano Sonata, Op.176, g8qOKKzumyw.mid", Johann Wenzel Kalliwoda,male, Op.176
"Liszt, Franz, Hungarian Rhapsody No.11, S.244_11, CPiox6OKchg.mid", Franz Liszt,male, S.244_11
"Bartók, Béla, Petite Suite for Piano, Sz.105, wBGJV-cyNO4.mid", Béla Bartók,male, Sz.105
"Van Hoorick, Geert, 24 Preludes, Op.39, JY80wEi9SDE.mid", Geert Van Hoorick,male, Op.39
"Gobbaerts, Louis, 3 Morceaux de salon, Op.130, 3sNjz5PG75g.mid", Louis Gobbaerts,male, Op.130
"Liszt, Franz, Pater noster III, S.41, rMGRbYUH--o.mid", Franz Liszt,male, S.41
"Liszt, Franz, Pilgerchor aus Tannhäuser, S.443, d4reZBSyNyo.mid", Franz Liszt,male, S.443
"Liszt, Franz, Le rossignol, S.250_1, hOIm3iW_Y78.mid", Franz Liszt,male, S.250_1
"Hall, Edward Smith, Impromptu in A-flat major, HRQKKxCwSjA.mid", Edward Smith Hall,male, Impromptu in A-flat major
"Protopopov, Sergey, Piano Sonata No.1, Op.1, _jevFEltpUA.mid", Sergey Protopopov,male, Op.1
"Liszt, Franz, Trauervorspiel und Trauermarsch, S.206, NtvLI0IfGrE.mid", Franz Liszt,male, S.206
"Leszczewski, Wladislaw, Fugue No.2, itvGdURMfbM.mid", Wladislaw Leszczewski,male, Fugue No.2
"Kontski, Anton de, Piano Sonata No.1, Op.156, K5-Sl4adwsI.mid", Anton de Kontski,male, Op.156
"Kalkbrenner, Friedrich Wilhelm, Nocturne, Op.95, 2UGEkO0aghU.mid", Friedrich Wilhelm Kalkbrenner,male, Op.95
"Tausig, Carl, Valse-Caprice No.1, ePNVAGbBNBM.mid", Carl Tausig,male, Valse-Caprice No.1
"Liszt, Franz, Romancero espagnol, S.695c, 5uYICHsVtsM.mid", Franz Liszt,male, S.695c
"Bennett, William Sterndale, Allegro Grazioso, Op.18, DhB7yRcHQHI.mid", William Sterndale Bennett,male, Op.18
"Hewitt, James, Yankee Doodle with Variations, PtPy2EdSp5g.mid", James Hewitt,male, Yankee Doodle with Variations
"Chamberlain, Howard, Nocturne No.2, vdLOrOvVmbI.mid", Howard Chamberlain,male, Nocturne No.2
"Facoli, Marco, Aria della Signora Livia, S6yL3SkI1Bs.mid", Marco Facoli,male, Aria della Signora Livia
"Liszt, Franz, Hungarian Rhapsody No.9, S.244_9, JZfp5VsyIsc.mid", Franz Liszt,male, S.244_9
"Bianciardi, Francesco, Extollens vocem, z11HkYdp590.mid", Francesco Bianciardi,male, Extollens vocem
"Petyrek, Felix, 6 Groteske Klavierstücke, Blzd-h5nTvY.mid", Felix Petyrek,male, 6 Groteske Klavierstücke
"Liszt, Franz, Ave Maria d'Arcadelt, S.183_2, WVdAIGPd5oQ.mid", Franz Liszt,male, S.183_2
"Liszt, Franz, Hussitenlied, S.234, M2V4DEbZcMs.mid", Franz Liszt,male, S.234
"Poulenc, Francis, Le gendarme incompris (suite), FP 20b, bm9VMW_GCF0.mid", Francis Poulenc,male, FP 20b
"Prokofiev, Sergey, Piano Sonata No.1, Op.1, c4__I3RHN_I.mid", Sergey Prokofiev,male, Op.1
"Liszt, Franz, 5 Ungarische Volkslieder, S.245, AWSwyPEdDZ8.mid", Franz Liszt,male, S.245
"Liszt, Franz, Fantaisie romantique sur deux mélodies suisses, S.157, QSmZJ85MNZY.mid", Franz Liszt,male, S.157
"Nechayev, Vasily, Piano Sonata, Op.7, eV0w7ufts9w.mid", Vasily Nechayev,male, Op.7
"Capponi, Francesco, Biblioteca d'oro (Longo, Alessandro), 13csVa1Svr8.mid", Francesco Capponi,male, Alessandro)
"Soria, Luis de, Paquito, M_prz2tOm3Y.mid", Luis de Soria,male, Paquito
"Alais, Juan, 6 Estilos Criollos, Op.8, 5wCO0Fw3UBo.mid", Juan Alais,male, Op.8
"Kalkbrenner, Friedrich Wilhelm, Pianoforte-Schule, Op.108, TGcqnJjQXYc.mid", Friedrich Wilhelm Kalkbrenner,male, Op.108
"Liszt, Franz, Piano Sonata in B minor, S.178, VCHE-UPwBJA.mid", Franz Liszt,male, S.178
"Massenet, Jules, Musique pour bercer les petits enfants, G461JEL0F_8.mid", Jules Massenet,male, Musique pour bercer les petits enfants
"Poulenc, Francis, Humoresque, FP 72, gozI8ptx754.mid", Francis Poulenc,male, FP 72
"Liszt, Franz, Franz Schuberts geistliche Lieder, S.562, 4E9Nr3NVzdE.mid", Franz Liszt,male, S.562
"Quijano, Pedro Miguel, El Boyero, mnLXRpW5Xio.mid", Pedro Miguel Quijano,male, El Boyero
"Schmitt, Florent, Enfants, Op.94, JZ3YU28rhE4.mid", Florent Schmitt,male, Op.94
"Friedman, Ignaz, 2 Mazurkas, Op.49, tLNsu1JiG-o.mid", Ignaz Friedman,male, Op.49
"Smallwood, William, Fairy Blossoms, t0gcUokoP9o.mid", William Smallwood,male, Fairy Blossoms
"Poulenc, Francis, 2 Improvisations, FP 170, bBjrzmLzmK4.mid", Francis Poulenc,male, FP 170
"Liszt, Franz, Un portrait en musique, S.190, tH879a-c6_8.mid", Franz Liszt,male, S.190
"Protopopov, Sergey, Piano Sonata No.3, Op.6, 2_0Y38pFVlQ.mid", Sergey Protopopov,male, Op.6
"Liszt, Franz, Faribolo Pasteur, S.236_1, RMhAjvhwjnw.mid", Franz Liszt,male, S.236_1
"Friedman, Ignaz, Polnische Lyrik, Op.72, zYDm-mvLfHw.mid", Ignaz Friedman,male, Op.72
"Liszt, Franz, Weinen, Klagen, Sorgen, Zagen, S.179, ieo_sh80cZs.mid", Franz Liszt,male, S.179
"Reinhold, Hugo, 12 Arabesken, Op.59, z4Uuxg2SBYQ.mid", Hugo Reinhold,male, Op.59
"Liszt, Franz, Hungarian Rhapsody No.6, S.244_6, c6Npq0D1p58.mid", Franz Liszt,male, S.244_6
"Liszt, Franz, Siegesmarsch, S.233a, CE3t63_UHwc.mid", Franz Liszt,male, S.233a
"Beliczay, Gyula, Feuillet d'album, Op.44, 7l5_RqGcjGU.mid", Gyula Beliczay,male, Op.44
"Prokofiev, Sergey, Tales of an Old Grandmother, Op.31, USbI_CW1K_0.mid", Sergey Prokofiev,male, Op.31
"Cinna, Óscar de la, Jota aragonesa, vMKYj2AmNEI.mid", Óscar de la Cinna,male, Jota aragonesa
"Prokofiev, Sergey, Things in Themselves, Op.45, 12MrAi5pXo4.mid", Sergey Prokofiev,male, Op.45
"Godowsky, Leopold, 4 Pieces, Op.16, GNKQTgXJ56Q.mid", Leopold Godowsky,male, Op.16
"Liszt, Franz, Vive Henri IV, S.239, LELncXeM-xs.mid", Franz Liszt,male, S.239
"Pedrell, Felipe, Mazurka No.1, XYM2s72Jspk.mid", Felipe Pedrell,male, Mazurka No.1
"Bartók, Béla, Out of Doors, Sz.81, deDOEqha8hg.mid", Béla Bartók,male, Sz.81
"Reinhold, Hugo, Novellette, Op.3, fS7ERp9fyDw.mid", Hugo Reinhold,male, Op.3
"Alain, Albert, Nocturne, XzXP2pzwHS4.mid", Albert Alain,male, Nocturne
"Liszt, Franz, Seconde marche hongroise, S.232, I8NzqksX6OI.mid", Franz Liszt,male, S.232
"Massenet, Jules, 2 Pièces pour piano, bXMuaoMROsw.mid", Jules Massenet,male, 2 Pièces pour piano
"Poulenc, Francis, Improvisation No.15 in C minor, FP 176, bpFwX5Jc8w8.mid", Francis Poulenc,male, FP 176
"Teilman, Christian, Svundne tider, llbQ12b0k7s.mid", Christian Teilman,male, Svundne tider
"Chamberlain, Howard, Pensées musicales, VdmOulpID8I.mid", Howard Chamberlain,male, Pensées musicales
"Kleven, Arvid, Appasionato!, ISjWUU_gclM.mid", Arvid Kleven,male, Appasionato!
"Liszt, Franz, Resignazione, S.187a_b, DoelUeC_6FI.mid", Franz Liszt,male, S.187a_b
"Liszt, Franz, 6 Polish Songs, S.480, kljFhcJC838.mid", Franz Liszt,male, S.480
"Losey, Frank Hoyt, Flower of the Nile, Op.224, 6zdbiLslxjU.mid", Frank Hoyt Losey,male, Op.224
"Liszt, Franz, Preludes and Fugues by J.S. Bach, S.462, qgngMPkBUrg.mid", Franz Liszt,male, S.462
"Van Hoorick, Geert, Trombone Sonata No.2, Op.29, ezUVz63y6Lg.mid", Geert Van Hoorick,male, Op.29
"Nicholl, Horace Wadham, Nocturne in C major, Aog6i2VM-PQ.mid", Horace Wadham Nicholl,male, Nocturne in C major
"Poulenc, Francis, Mélancolie, FP 105, UWR7_Z7YThA.mid", Francis Poulenc,male, FP 105
"Liszt, Franz, 2 Lieder von Robert Schumann, S.567, HcCI4nfZIJU.mid", Franz Liszt,male, S.567
"Antipov, Konstantin, Impromptu et Valse, Op.13, Y6_UobMnSyg.mid", Konstantin Antipov,male, Op.13
"Van Hoorick, Geert, Trombone Sonata No.1, Op.22, tY5PpXYd8io.mid", Geert Van Hoorick,male, Op.22
"Nollet, Eugène, Chanson bretonne, Op.57, SqVttQZeorQ.mid", Eugène Nollet,male, Op.57
"Friedman, Ignaz, Polnische Lyrik, Op.53, eOx2bXd-gf0.mid", Ignaz Friedman,male, Op.53
"Fernández, Oscar Lorenzo, Prelúdio fantástico, irkiVTDaCCI.mid", Oscar Lorenzo Fernández,male, Prelúdio fantástico
"Liszt, Franz, En rêve, S.207, YMm3b4U3ggY.mid", Franz Liszt,male, S.207
"Liszt, Franz, Invocation, S.172c, SVUYifY08y4.mid", Franz Liszt,male, S.172c
"Liszt, Franz, 6 Melodien von Franz Schubert, S.563, vlEggjNvxXM.mid", Franz Liszt,male, S.563
"Liszt, Franz, 2 Transcriptions d'après Rossini, S.553, OVjxYzDeiwI.mid", Franz Liszt,male, S.553
"Lucas, Clarence, Holiday Sketches, Op.61, F5s3SJO6Zog.mid", Clarence Lucas,male, Op.61
"Kalkbrenner, Friedrich Wilhelm, Grand Duo in D minor, 8qySuIb7Fvs.mid", Friedrich Wilhelm Kalkbrenner,male, Grand Duo in D minor
"Noack, Kurt, Heinzelmännchens Wachtparade, Op.5, 3Gx7HMI_rok.mid", Kurt Noack,male, Op.5
"Poulenc, Francis, Pièce brève sur le nom d’Albert Roussel, FP 50, K8EWsP-kDt8.mid", Francis Poulenc,male, FP 50
"Kalliwoda, Johann Wenzel, 3 Mazurkas, Op.164, AEdPZSWRY3I.mid", Johann Wenzel Kalliwoda,male, Op.164
"Nietzsche, Friedrich, Da geht ein Bach, RRhSFN4bFCs.mid", Friedrich Nietzsche,male, Da geht ein Bach
"Liszt, Franz, Receuillement, S.204, KOOmlLsbhDs.mid", Franz Liszt,male, S.204
"Delahaye, Léon, Les révérences, ANWjkG285QU.mid", Léon Delahaye,male, Les révérences
"Liszt, Franz, Capriccio alla turca sur des motifs de Beethoven, S.388, sW5J3bVEmW8.mid", Franz Liszt,male, S.388
"Laguna, Julián, A Magic Sparkle in Your Eyes, VKCbQGdm2jc.mid", Julián Laguna,male, A Magic Sparkle in Your Eyes
"Sauter, Louis, Apophtegmes, j5fM3KxKoJ8.mid", Louis Sauter,male, Apophtegmes
"Liszt, Franz, Feuilles d'album, S.165, z67xVgqA8jM.mid", Franz Liszt,male, S.165
"Dalayrac, Nicolas, Les deux petits Savoyards, MpRQspU9l3c.mid", Nicolas Dalayrac,male, Les deux petits Savoyards
"Prokofiev, Sergey, Music for Children, Op.65, Z2pGxz9ryPI.mid", Sergey Prokofiev,male, Op.65
"Liszt, Franz, Marche héroïque, S.510, Ymb8OyJ4104.mid", Franz Liszt,male, S.510
"Bennett, William Sterndale, 3 Musical Sketches, Op.10, HjT2pciYq6M.mid", William Sterndale Bennett,male, Op.10
"Teilman, Christian, Intermezzo, Op.77, UTkDJsbVo-4.mid", Christian Teilman,male, Op.77
"Liszt, Franz, Réminiscences de 'Robert le diable', S.413, jvF6mqttIJo.mid", Franz Liszt,male, S.413
"Guerrero, Francisco, Hoc est præceptum meum, Uz8m_eg-gEs.mid", Francisco Guerrero,male, Hoc est præceptum meum
"Liszt, Franz, Réminiscences de La juive, S.409a, heBWowW2oSI.mid", Franz Liszt,male, S.409a
"Prokofiev, Sergey, Piano Sonata No.3, Op.28, PGRls_Kjt9I.mid", Sergey Prokofiev,male, Op.28
"Vincent IV, Teo, Cause, 98SJhBk_pxs.mid", Teo Vincent IV,male, Cause
"Bennett, William Sterndale, 2 Etudes, Op.29, bIS9xOqxth4.mid", William Sterndale Bennett,male, Op.29
"Adler, Vincent, 2 Impromptus, Op.1, dTNY0zzHNxA.mid", Vincent Adler,male, Op.1
"Sizes, Gabriel, Prélude in F major, CzH4hm6upVo.mid", Gabriel Sizes,male, Prélude in F major
"Teilman, Christian, Vemod, SntSCX_RaQU.mid", Christian Teilman,male, Vemod
"Teilman, Christian, På Gjensyn, Op.78, IYCadcXTSl0.mid", Christian Teilman,male, Op.78
"Schytte, Ludvig, Petits Préludes, Op.65, M0ozE6Qsv4k.mid", Ludvig Schytte,male, Op.65
"Teilman, Christian, Mazurka nationale, 2E9gw4u0Qto.mid", Christian Teilman,male, Mazurka nationale
"Gabunia, Nodar, From a Pupil's Diary, TWAQ-4wy7WE.mid", Nodar Gabunia,male, From a Pupil's Diary
"Bellenot, Philippe, Sérénade, nr-4CH7yhxQ.mid", Philippe Bellenot,male, Sérénade
"Nietzsche, Friedrich, Heldenklage, r_xIvlUYyPc.mid", Friedrich Nietzsche,male, Heldenklage
"Bartók, Béla, 4 Pieces, Sz.22, QkTkmwBECdU.mid", Béla Bartók,male, Sz.22
"Antheil, George, Sonate sauvage, VMjW3DTId7Y.mid", George Antheil,male, Sonate sauvage
"Friedman, Ignaz, 4 Preludes, Op.29, AYWz64r1UvI.mid", Ignaz Friedman,male, Op.29
"Reinhold, Hugo, Abendbilder, Op.17, Me9Hw2QDAYE.mid", Hugo Reinhold,male, Op.17
"Lindgreen, Charles, First Courtship, xSeVrcLYOEw.mid", Charles Lindgreen,male, First Courtship
"Poulenc, Francis, 8 Nocturnes, FP 56, pDZxm7UQoYA.mid", Francis Poulenc,male, FP 56
"Godowsky, Leopold, Meditation, -mAnXfmLdzk.mid", Leopold Godowsky,male, Meditation
"Lamb, Aidan, Caprice, Op.3, LOviR2xJt1Y.mid", Aidan Lamb,male, Op.3
"Poulenc, Francis, Sonata for 2 Pianos, FP 156, yaX5xWuE8o0.mid", Francis Poulenc,male, FP 156
"Liszt, Franz, Hungarian Rhapsody No.16, S.244_16, iUVKHH4Ab30.mid", Franz Liszt,male, S.244_16
"Bartók, Béla, For Children, Sz.42, MR8ljgVVamI.mid", Béla Bartók,male, Sz.42
"Cinna, Óscar de la, In vino veritas, Op.159, p8lshA_-BP0.mid", Óscar de la Cinna,male, Op.159
"Friedman, Ignaz, Ballade, Op.66, hUQMSrTqViM.mid", Ignaz Friedman,male, Op.66
"Alnæs, Eyvind, 4 Piano Pieces, Op.13, -dSoxajqWow.mid", Eyvind Alnæs,male, Op.13
"Prokofiev, Sergey, Visions fugitives, Op.22, 7PCAkEfkHKU.mid", Sergey Prokofiev,male, Op.22
"Reinhold, Hugo, 2 Konzertstücke, Op.19, WR0WuGZwD58.mid", Hugo Reinhold,male, Op.19
"Liszt, Franz, Stabat Mater, S.172b, 1jpek0VAa2Q.mid", Franz Liszt,male, S.172b
"Roussel, Albert, Sonatine, Op.16, NW4HUfqaZg4.mid", Albert Roussel,male, Op.16
"Paull, Edward Taylor, Ben Hur Chariot Race March, Xd2xei3XOls.mid", Edward Taylor Paull,male, Ben Hur Chariot Race March
"Vītols, Jāzeps, 3 Pieces, Op.17, F_b581ZWeDk.mid", Jāzeps Vītols,male, Op.17
"Liszt, Franz, Hungarian Rhapsody No.3, S.244_3, MbkMd2KnkJA.mid", Franz Liszt,male, S.244_3
"Bizet, Georges, Chants du Rhin, O2U_RFX6aZo.mid", Georges Bizet,male, Chants du Rhin
"Schmitt, Florent, Reflets d'Allemagne, Op.28, VoenywmBX1E.mid", Florent Schmitt,male, Op.28
"Liszt, Franz, Grand galop chromatique, S.219, ANEBjgNnq7o.mid", Franz Liszt,male, S.219
"Tárrega, Francisco, Sueño Mazurka, AQRHRmVGA3k.mid", Francisco Tárrega,male, Sueño Mazurka
"Vincent IV, Teo, From Me and You, 98SJhBk_pxs.mid", Teo Vincent IV,male, From Me and You
"Tausig, Carl, Valse-Caprice No.5, 6bDR8ejJBog.mid", Carl Tausig,male, Valse-Caprice No.5
"Teilman, Christian, Fjeldslåt, Op.154, tkNhzxV3gqg.mid", Christian Teilman,male, Op.154
"Smallwood, William, Summer on the Lake, JcAmWt_2WiQ.mid", William Smallwood,male, Summer on the Lake
"Liszt, Franz, Allegro di bravura, S.151, -_peKn8MccA.mid", Franz Liszt,male, S.151
"Antipov, Konstantin, 4 Morceaux, Op.6, Hwr388Mwr7U.mid", Konstantin Antipov,male, Op.6
"Vanegas, Roy, The Dedication, XFYuID2PZ9c.mid", Roy Vanegas,male, The Dedication
"Liszt, Franz, Mephisto Waltz No.2, S.515, YY2BANuwuQ8.mid", Franz Liszt,male, S.515
"Gabunia, Nodar, Piano Sonata No.2, vtbImm0IHNU.mid", Nodar Gabunia,male, Piano Sonata No.2
"Vītols, Jāzeps, Valse-Caprice, Op.24, pLqfbFfBlTE.mid", Jāzeps Vītols,male, Op.24
"Schmitt, Florent, Suite sans esprit de suite, Op.89, 4ZGZIIDKG8M.mid", Florent Schmitt,male, Op.89
"Schmitt, Florent, Mirages, Op.70, q9s5HIqrv-M.mid", Florent Schmitt,male, Op.70
"Liszt, Franz, Hungarian Rhapsody No.7, S.244_7, iIQ_SfPug0s.mid", Franz Liszt,male, S.244_7
"Teilman, Christian, Paraphrase on 'Sætergjentenes Søndag' after O. Bull, xf-Qd8KnziA.mid", Christian Teilman,male, Paraphrase on 'Sætergjentenes Søndag' after O. Bull
"Teilman, Christian, Nocturne in G major, 0m3obCB2szk.mid", Christian Teilman,male, Nocturne in G major
"Prokofiev, Sergey, 4 Etudes, Op.2, y5Qug_L9FfQ.mid", Sergey Prokofiev,male, Op.2
"Liszt, Franz, Danse Macabre, S.555, sSIyW9MfD60.mid", Franz Liszt,male, S.555
"Liszt, Franz, Hungarian Rhapsody No.18, S.244_18, T70mt4xsfHY.mid", Franz Liszt,male, S.244_18
"Teilman, Christian, Slåtten tel han Halvor Spelleman, 7iKid9ixYrY.mid", Christian Teilman,male, Slåtten tel han Halvor Spelleman
"Liszt, Franz, Trübe Wolken, S.199, tYKl41e_hoU.mid", Franz Liszt,male, S.199
"Ekert, Matias, Drømmeferd, lLdWNPDksP8.mid", Matias Ekert,male, Drømmeferd
"Morley, Thomas, Lady, if I through Griefe, V8T1R4GNPPY.mid", Thomas Morley,male, if I through Griefe
"Liszt, Franz, Hungarian Rhapsody No.2, S.244_2, LdH1hSWGFGU.mid", Franz Liszt,male, S.244_2
"Catalani, Alfredo, Impressioni, l6dmekjQ_aE.mid", Alfredo Catalani,male, Impressioni
"Liszt, Franz, Harmonies poétiques et religieuses III, S.173, jJIXU8ZxdA0.mid", Franz Liszt,male, S.173
"Tomášek, Václav Jan, Sonatina, 7KwbWyo818k.mid", Václav Jan Tomášek,male, Sonatina
"Schytte, Ludvig, Federzeichnungen, Op.113, gJBxc6rbMlo.mid", Ludvig Schytte,male, Op.113
"Friedman, Ignaz, Estampes, Op.22a, 7MiyKnYouDU.mid", Ignaz Friedman,male, Op.22a
"Bartók, Béla, 7 Sketches, Sz.44, Yuy9V-vpXNI.mid", Béla Bartók,male, Sz.44
"Tausig, Carl, Introduction and Tarantella, Op.2, odb9cVy9wnI.mid", Carl Tausig,male, Op.2
"Bennett, William Sterndale, Capriccio, Op.2, OFV-w25R2_M.mid", William Sterndale Bennett,male, Op.2
"Roussel, Albert, Rustiques, Op.5, yPX-lLB5IeQ.mid", Albert Roussel,male, Op.5
"Handrock, Julius, 2 Piano Pieces, Op.64, cXMGyqm_nHI.mid", Julius Handrock,male, Op.64
"Liszt, Franz, Mephisto Waltz No.1, S.514, KJbg9V2KnD8.mid", Franz Liszt,male, S.514
"Liszt, Franz, Fantaisie sur des motifs de La pastorella dell'Alpi e Li marinari des Soirées musicales, S.423, ZpUhQtnbd_o.mid", Franz Liszt,male, S.423
"Liszt, Franz, 2 Csárdás, S.225, P8ma7ZfGFq0.mid", Franz Liszt,male, S.225
"Sauter, Louis, Traurige Fröhlichkeit, jz_7yCq51lM.mid", Louis Sauter,male, Traurige Fröhlichkeit
"Paulsen, Alfred, Polka de salon, Op.21, uVUVC_X5bng.mid", Alfred Paulsen,male, Op.21
"Poulenc, Francis, Léocadia, FP 106, Zj_CKvxGaL0.mid", Francis Poulenc,male, FP 106
"Liszt, Franz, Und wir dachten der Toten, S.338, jIPswGky6wk.mid", Franz Liszt,male, S.338
"Liszt, Franz, Petite valse favorite, S.212, j-JfB8dnk_o.mid", Franz Liszt,male, S.212
"Richards, Brinley, Alexandra, Op.81, Y53-U3ML6kw.mid", Brinley Richards,male, Op.81
"Morley, Thomas, Lo, She Flies, OMuPmVw0mOc.mid", Thomas Morley,male, She Flies
"Tárrega, Francisco, Paquito, 9kBp5DsoJkA.mid", Francisco Tárrega,male, Paquito
"Nietzsche, Friedrich, Unserer Altvordern eingedenk, N78OC04gudc.mid", Friedrich Nietzsche,male, Unserer Altvordern eingedenk
"Collins, Edward Joseph, 6 Valses caractéristiques, Op.18, PnvWqkPnyz0.mid", Edward Joseph Collins,male, Op.18
"Liszt, Franz, Mephisto Polka, S.217, bAuN0wEq_mk.mid", Franz Liszt,male, S.217
"Liszt, Franz, Roma e Venezia, kK35x1FkqKk.mid", Franz Liszt,male, Roma e Venezia
"Wagner, Richard, Züricher Vielliebchen-Walzer, WWV 88, TMZ4SdHK_Do.mid", Richard Wagner,male, WWV 88
"Díaz Peña, Sebastián, Maricela, rQYsqXELpTo.mid", Sebastián Díaz Peña,male, Maricela
"Teilman, Christian, Drömmeri, KBsTiJZHMbs.mid", Christian Teilman,male, Drömmeri
"Liszt, Franz, 8 Variations, S.148, x2b-A8qbSSo.mid", Franz Liszt,male, S.148
"Pachelbel, Johann, Aria and 6 Variations in G minor, P.196, cnpVLI8hK-A.mid", Johann Pachelbel,male, P.196
"Liszt, Franz, Ungarische Nationalmelodien, S.243, 7vc8H1IsPig.mid", Franz Liszt,male, S.243
"Liszt, Franz, 2 Polonaises, S.223, VvreQKtsObY.mid", Franz Liszt,male, S.223
"Liszt, Franz, Réminiscences de Lucia di Lammermoor, S.397, zG8CgPgEjJ4.mid", Franz Liszt,male, S.397
"Liszt, Franz, Tyrolean Melody, S.385a, fI1-7CV3O5Y.mid", Franz Liszt,male, S.385a
"Jäkel, Paul, Waltz, Op.7, bEdTijLGJAU.mid", Paul Jäkel,male, Op.7
"Baillot, Pierre, Adagio et Rondo, Op.40, UXVvpL3GR1I.mid", Pierre Baillot,male, Op.40
"Schmitt, Florent, 3 Danses, Op.86, f9pZDyhE_c4.mid", Florent Schmitt,male, Op.86
"Godowsky, Leopold, Grand valse romantique, Rxu7oB2PM50.mid", Leopold Godowsky,male, Grand valse romantique
"Schmitt, Florent, Suite for Trumpet and Piano, Op.133, RETD-R3GNIY.mid", Florent Schmitt,male, Op.133
"Karlsen, HanS, Wave me again, Ih6V72Wh3FM.mid", HanS Karlsen,male, Wave me again
"Laguna, Julián, Noches de Málaga, Yz_yXhzx_34.mid", Julián Laguna,male, Noches de Málaga
"Van Hoorick, Geert, Little Suite, Op.61, BEQVr6_jlYM.mid", Geert Van Hoorick,male, Op.61
"Liszt, Franz, Hymne de la nuit, S.173a_1, J02tIssQP0s.mid", Franz Liszt,male, S.173a_1
"Tausig, Carl, Valse-Caprice No.3, banIcu8PwbA.mid", Carl Tausig,male, Valse-Caprice No.3
"Godowsky, Leopold, 4 Poems, _NfTnDa1Nvc.mid", Leopold Godowsky,male, 4 Poems
"Antipov, Konstantin, Valse et Etude, Op.11, Y6_UobMnSyg.mid", Konstantin Antipov,male, Op.11
"Liszt, Franz, Mephisto Waltz No.3, S.216, 1YJbo0OQGM8.mid", Franz Liszt,male, S.216
"Prokofiev, Sergey, 4 Pieces for Piano, Op.4, DvyyJAikht4.mid", Sergey Prokofiev,male, Op.4
"Poulenc, Francis, 10 Improvisations, FP 63, N7My0IW6DJ8.mid", Francis Poulenc,male, FP 63
"Strauss Sr., Johann, Kettenbrücke-Galoppe, Op.21a, Q91jnGNy_eE.mid", Johann Strauss Sr.,male, Op.21a
"Niemann, Rudolf, 2 Bluettes, Op.10, o084lcqqyns.mid", Rudolf Niemann,male, Op.10
"Liszt, Franz, Morceau de salon, S.142, IzflfgNt_S4.mid", Franz Liszt,male, S.142
"Richards, Brinley, Des Wanderers Traum, Op.47, xOxELanzSO4.mid", Brinley Richards,male, Op.47
"Nin, Joaquín, Mensaje a Claudio Debussy, H6v99V-oFUw.mid", Joaquín Nin,male, Mensaje a Claudio Debussy
"Teilman, Christian, Improvistion ved harpen, Op.116, upJW4ms18cQ.mid", Christian Teilman,male, Op.116
"Poulenc, Francis, Bourrée, au Pavillon d’Auvergne, FP 87, WbdpWSoOUPI.mid", Francis Poulenc,male, FP 87
"Liszt, Franz, Grandes études de Paganini, S.141, sJqQ3CCl5jQ.mid", Franz Liszt,male, S.141
"Liszt, Franz, Scherzo und Marsch, S.177, OuIJ9PILV_k.mid", Franz Liszt,male, S.177
"Wagner, Richard, Piano Sonata in B-flat major, WWV 21, kOlm0TGeZHY.mid", Richard Wagner,male, WWV 21
"Poulenc, Francis, Concerto for 2 Pianos, FP 61, AFLR4rm3w_8.mid", Francis Poulenc,male, FP 61
"Vītols, Jāzeps, 3 Reminiscences, Op.43, SYDvV5cKmpI.mid", Jāzeps Vītols,male, Op.43
"Wagner, Richard, Polka, WWV 84, cxARd6Dblz4.mid", Richard Wagner,male, WWV 84
"Bartók, Béla, Kossuth, Sz.21, mTd20tBIx6o.mid", Béla Bartók,male, Sz.21
"Schytte, Ludvig, 10 Historiettes, Op.70, 76l71RkkuyM.mid", Ludvig Schytte,male, Op.70
"Karlsen, HanS, Ma velka smrt, cRhW9rsMUB4.mid", HanS Karlsen,male, Ma velka smrt
"Bartók, Béla, Marche Funèbre, Sz.75b, aKYcvBKUzjI.mid", Béla Bartók,male, Sz.75b
"Bartók, Béla, Suite for Piano, Op.14, 46Hd1p92uco.mid", Béla Bartók,male, Op.14
"Morley, Thomas, Blow, Shepherds, Blow, KooDaL_82eg.mid", Thomas Morley,male, Blow
"Liszt, Franz, Urbi et Orbi, S.184, Rp5GZ4Hxdis.mid", Franz Liszt,male, S.184
"Fernández, Oscar Lorenzo, Suite brasileira No.3, jWRCqwktB0Q.mid", Oscar Lorenzo Fernández,male, Suite brasileira No.3
"Liszt, Franz, Hungarian Rhapsody No.8, S.244_8, wUy7t0OvxeU.mid", Franz Liszt,male, S.244_8
"Liszt, Franz, Harmonies poétiques et religieuses I, S.154, Ed-PvqSG8Bs.mid", Franz Liszt,male, S.154
"Liszt, Franz, Variation on a Waltz by Diabelli, S.147, 9DFP4Q5rGL8.mid", Franz Liszt,male, S.147
"Roslavets, Nikolay, 3 Etudes, GlpxNRipo_Q.mid", Nikolay Roslavets,male, 3 Etudes
"Tausig, Carl, Valse-Caprice No.4, GfpsjO7f278.mid", Carl Tausig,male, Valse-Caprice No.4
"Boghen, Felice, Preludio Corale, JWIQYvefGR0.mid", Felice Boghen,male, Preludio Corale
"Liszt, Franz, La romanesca, S.252a, ZbeYcB7ME-Y.mid", Franz Liszt,male, S.252a
"Paulsen, Alfred, Romance sans paroles, Op.18, uA4XekrxROI.mid", Alfred Paulsen,male, Op.18
"Alnæs, Eyvind, Romance, kI0LnpTwwLE.mid", Eyvind Alnæs,male, Romance
"Bungert, August, Aus jungen Tagen, Op.9, R9PDDhpewJE.mid", August Bungert,male, Op.9
"Alnæs, Eyvind, 3 Piano Pieces, Op.9, 4JYFS3GciOk.mid", Eyvind Alnæs,male, Op.9
"Schytte, Ludvig, 25 Melodious Studies, Op.108, KIaT53UqRkY.mid", Ludvig Schytte,male, Op.108
"Godowsky, Leopold, Symphonic Metamorphoses of the 'Schatz-Walzer' Themes, gXYyBrFJva8.mid", Leopold Godowsky,male, Symphonic Metamorphoses of the 'Schatz-Walzer' Themes
"Leszczewski, Wladislaw, Mazurka No.1, Op.1, Gwm0iVPckSM.mid", Wladislaw Leszczewski,male, Op.1
"Alnæs, Eyvind, Variations, Op.5, jltNNSoVNXQ.mid", Eyvind Alnæs,male, Op.5
"Dalayrac, Nicolas, Philippe et Georgette, 0Af_WX_bleM.mid", Nicolas Dalayrac,male, Philippe et Georgette
"Teilman, Christian, Souvenir de Wieniawski, Op.167, 2E9gw4u0Qto.mid", Christian Teilman,male, Op.167
"Alain, Albert, Espagnolerie, ts4pTlWdmMg.mid", Albert Alain,male, Espagnolerie
"Poulenc, Francis, Suite pour piano, FP 19, zRvDH9OTyXY.mid", Francis Poulenc,male, FP 19
"Wagner, Richard, Elegy, WWV 93, ju8ULes8hkg.mid", Richard Wagner,male, WWV 93
"Teilman, Christian, Festmarsch, oljtzj1YMHU.mid", Christian Teilman,male, Festmarsch
"Liszt, Franz, Albumblatt in E major, S.164, s1vScFa6iuc.mid", Franz Liszt,male, S.164
"Brandeis, Frederick, Scherzo, Op.28, rNpKery8NP8.mid", Frederick Brandeis,male, Op.28
"Chavaneau, Emmanuel, Preludes and Fugues, 2oFjk0HynY4.mid", Emmanuel Chavaneau,male, Preludes and Fugues
"Wallace, William Vincent, Grande valse de concert, Op.27, CKucfurTu5s.mid", William Vincent Wallace,male, Op.27
"Bizet, Georges, Chasse fantastique, loRNFxVNXSY.mid", Georges Bizet,male, Chasse fantastique
"Pedrell, Felipe, Scherzo-Vals, Op.25, -7XogrT8ulA.mid", Felipe Pedrell,male, Op.25
"Joncières, Victorin de, 2 Romances sans paroles, Op.18, 6efOXhOSgpw.mid", Victorin de Joncières,male, Op.18
"Hambourg, Mark, Variations on a Theme of Paganini, Qez9Oq97A_Y.mid", Mark Hambourg,male, Variations on a Theme of Paganini
"Reinhold, Hugo, Acrostichon, Op.54, vFAy8QOWHa0.mid", Hugo Reinhold,male, Op.54
"Bennett, William Sterndale, Toccata, Op.38, Phe31ukQ1UM.mid", William Sterndale Bennett,male, Op.38
"Roslavets, Nikolay, 3 Compositions, Bp_0P3aiuWc.mid", Nikolay Roslavets,male, 3 Compositions
"Ohe, Adele aus der, 4 Piano Pieces, Op.9, HY692f12u7o.mid", Adele aus der Ohe,female, Op.9
"Ferrari, Carlotta, Fuga sul nome di Ares, 3OI6_BMgpm8.mid", Carlotta Ferrari,female, Fuga sul nome di Ares
"Westenholz, Sophia Maria, Sonata for Piano 4 Hands, Op.3, mGou92CnuFg.mid", Sophia Maria Westenholz,female, Op.3
"Galos, Giselle, Souvenir des Champs, QukjAECa2Yc.mid", Giselle Galos,female, Souvenir des Champs
"Mills, Kerry, At a Georgia Campmeeting, lLR2ZI0evgs.mid", Kerry Mills,female, At a Georgia Campmeeting
"Backer-Grøndahl, Agathe, 6 Idylles, Op.24, dYOtiPihAJo.mid", Agathe Backer-Grøndahl,female, Op.24
"Szalit, Paula, Morceaux, Op.2, wp36--RG1DA.mid", Paula Szalit,female, Op.2
"Bonis, Mel, Rondo dans le genre ancien, Op.7, MOTU0gaL_e4.mid", Mel Bonis,female, Op.7
"Schumann, Clara, 4 Polonaises, Op.1, jBiX5ifYypc.mid", Clara Schumann,female, Op.1
"Bonis, Mel, Au crépuscule, Op.111, qugr9eza8p8.mid", Mel Bonis,female, Op.111
"Carnero, Ana Leira, Scherzo in C minor, Op.6, CQ3hP21vHn4.mid", Ana Leira Carnero,female, Op.6
"Balakirev, Mily, Waltz No.5, DdBwYFGDpkM.mid", Mily Balakirev,female, Waltz No.5
"Saint-Saëns, Camille, Pas redoublé, Op.86, HoKms3mfBI0.mid", Camille Saint-Saëns,female, Op.86
"Saint-Saëns, Camille, Marche interalliée, Op.155, Jh7WZEhWbCo.mid", Camille Saint-Saëns,female, Op.155
"Szymanowska, Maria Agata, 6 Minuets, 5cOiichgz4Y.mid", Maria Agata Szymanowska,female, 6 Minuets
"Balakirev, Mily, Mazurka No.1, XilIZ99-C5k.mid", Mily Balakirev,female, Mazurka No.1
"Schjelderup, Mon, 2 Pianostykker, Op.13, ZnSRcHW1QSI.mid", Mon Schjelderup,female, Op.13
"Chaminade, Cécile, 6 Études de concert, Op.35, fc9_XaIWdbA.mid", Cécile Chaminade,female, Op.35
"Ferrari, Carlotta, Maria Restituta, AtPg_uEroEA.mid", Carlotta Ferrari,female, Maria Restituta
"Netzel, Laura, Piano Sonata, Op.27, W-w4cLmcf9k.mid", Laura Netzel,female, Op.27
"Stackhouse, Clara B., Piano Sonata in A minor, GfgBORsUhW4.mid", Clara B. Stackhouse,female, Piano Sonata in A minor
"Saint-Saëns, Camille, Les cloches du soir, Op.85, pDF45ZinroA.mid", Camille Saint-Saëns,female, Op.85
"Mourey, Colette, Kilimandjaro Backgrounds, gEsNAj_M0lw.mid", Colette Mourey,female, Kilimandjaro Backgrounds
"Ferrari, Carlotta, Portatori di sogni, k2R_uSJEydE.mid", Carlotta Ferrari,female, Portatori di sogni
"Carreño, Teresa, Gottschalk Waltz, 648IqZ4YW34.mid", Teresa Carreño,female, Gottschalk Waltz
"Chaminade, Cécile, Ballade, Op.86, 6RAo0HeII5Y.mid", Cécile Chaminade,female, Op.86
"Saint-Saëns, Camille, Souvenir d'Ismaïlia, Op.100, X5QAaEtMpEI.mid", Camille Saint-Saëns,female, Op.100
"Ferrari, Carlotta, Madonna rossa, MTvNnSY8d5M.mid", Carlotta Ferrari,female, Madonna rossa
"Kleber, Ida, Scherzo-Impromptu, Y6xn5LNHSfg.mid", Ida Kleber,female, Scherzo-Impromptu
"Chaminade, Cécile, Étude humoristique, Op.138, lUm9NANcNv4.mid", Cécile Chaminade,female, Op.138
"Mourey, Colette, Sonate Pastorale, lDL65Q-G7fE.mid", Colette Mourey,female, Sonate Pastorale
"Beach, Amy Marcy, Prelude and Fugue, Op.81, PeUuogGREe8.mid", Amy Marcy Beach,female, Op.81
"Galos, Giselle, Le lac de garde, o5gmfeIi9D4.mid", Giselle Galos,female, Le lac de garde
"Menter, Sophie, Mazurka, Op.6, gUt8WUtC8EQ.mid", Sophie Menter,female, Op.6
"Martinez, Marianne, Piano Sonata in A major, wiPkpgWsUXM.mid", Marianne Martinez,female, Piano Sonata in A major
"Lopuska, Helena, Chanson sans paroles, Op.2, RBS35BrpobY.mid", Helena Lopuska,female, Op.2
"Balakirev, Mily, Tarantella, TzO-9xPPY3w.mid", Mily Balakirev,female, Tarantella
"Kaprálová, Vítězslava, Dubnová preludia, Op.13, 09wcAv1umG8.mid", Vítězslava Kaprálová,female, Op.13
"Carreño, Teresa, Le printemps, Op.25, icUiI5CvsV8.mid", Teresa Carreño,female, Op.25
"Walsh, Mary E., The Black Hawk Waltz, 3hTPDGpBEl4.mid", Mary E. Walsh,female, The Black Hawk Waltz
"Krzyżanowska, Halina, Krakowiak, Op.21, 8Abfxb42FfM.mid", Halina Krzyżanowska,female, Op.21
"Zaranek, Stefaniya, 5 Miniatures, Op.4, WjgplHonQ58.mid", Stefaniya Zaranek,female, Op.4
"Bugge, Magda, 3 Charakterstykker, Op.4, VkwRO4F7r3I.mid", Magda Bugge,female, Op.4
"Elteart, Vivien Mertz, Pièce No.2 pour 2 éventuels pianos, UGPAs6UNvKU.mid", Vivien Mertz Elteart,female, Pièce No.2 pour 2 éventuels pianos
"Szymanowska, Maria Agata, 4 Preludes, 4K4eOyPxwnQ.mid", Maria Agata Szymanowska,female, 4 Preludes
"Chaminade, Cécile, Poèmes provençaux, Op.127, XLezQGA8P3g.mid", Cécile Chaminade,female, Op.127
"Bragina, Irina, October, WLD1Ku-Bmdw.mid", Irina Bragina,female, October
"Albery, Dorothy, Prelude in D-flat major, 92WqaR55U0o.mid", Dorothy Albery,female, Prelude in D-flat major
"Chaminade, Cécile, Caprice-impromptu, Op.153, xJ0DTOrxJUc.mid", Cécile Chaminade,female, Op.153
"Chaminade, Cécile, 2 Morceaux, Op.27, Z-llfBzp2KY.mid", Cécile Chaminade,female, Op.27
"Balakirev, Mily, Waltz No.1, FOk31fDqexY.mid", Mily Balakirev,female, Waltz No.1
"Lowthian, Caroline, Venetia Waltz, nTj8S6tlzdQ.mid", Caroline Lowthian,female, Venetia Waltz
"Fine, Vivian, Toccatas and Arias for Piano, W0W8DnQSFzU.mid", Vivian Fine,female, Toccatas and Arias for Piano
"Galos, Giselle, Sur le lac Majeur, rYLEuQBJUWU.mid", Giselle Galos,female, Sur le lac Majeur
"Bądarzewska-Baranowska, Tekla, Le rêve d'un ange, Wp_Id3xvLn8.mid", Tekla Bądarzewska-Baranowska,female, Le rêve d'un ange
"Mills, Kerry, Red Wing, czFlpVYGHFA.mid", Kerry Mills,female, Red Wing
"Lang, Margaret Ruthven, Springtime, Op.30, C1gpw91IvIg.mid", Margaret Ruthven Lang,female, Op.30
"Backer-Grøndahl, Agathe, Andante quasi allegretto, 9L9cxpOEPKw.mid", Agathe Backer-Grøndahl,female, Andante quasi allegretto
"Galos, Giselle, Nocturne No.3, Op.17, hkkL6q76QxM.mid", Giselle Galos,female, Op.17
"Holmès, Augusta Mary Anne, Prélude 'Ce que l'on entendit dans la nuit de Noël', h0MC3FyMZZk.mid", Augusta Mary Anne Holmès,female, Prélude 'Ce que l'on entendit dans la nuit de Noël'
"Galos, Giselle, Le lac de Côme, Op.24, JZ3rK6JDSCY.mid", Giselle Galos,female, Op.24
"Balakirev, Mily, Polka, tD8KglbUm6A.mid", Mily Balakirev,female, Polka
"Chaminade, Cécile, Interlude, Op.152, syw-W_Gni0A.mid", Cécile Chaminade,female, Op.152
"Saint-Saëns, Camille, Suite, Op.90, OpM2sEWzUmo.mid", Camille Saint-Saëns,female, Op.90
"Montgeroult, Hélène, Pièce, Op.3, Pm28tOprft0.mid", Hélène Montgeroult,female, Op.3
"Saint-Saëns, Camille, Clarinet Sonata, Op.167, KHt4PFKiQE0.mid", Camille Saint-Saëns,female, Op.167
"Saint-Saëns, Camille, Chanson napolitaine, zRQgDA5VsWY.mid", Camille Saint-Saëns,female, Chanson napolitaine
"Soulage, Marcelle, Petites pièces pour harpe à pédales, bfonUqq4pcw.mid", Marcelle Soulage,female, Petites pièces pour harpe à pédales
"Chaminade, Cécile, Danse créole, Op.94, 3c8aF01Qsv8.mid", Cécile Chaminade,female, Op.94
"Masotti, Celestina, Rien va plus, Op.44, rDTOESvi_z8.mid", Celestina Masotti,female, Op.44
"Balakirev, Mily, Waltz No.6, OLmq7158Clo.mid", Mily Balakirev,female, Waltz No.6
"Pfund, Annie K., Amaranth Waltz, s-c3Nhq4JMU.mid", Annie K. Pfund,female, Amaranth Waltz
"Chaminade, Cécile, La Lisonjera, Op.50, 9Wy9_LcPxOI.mid", Cécile Chaminade,female, Op.50
"Mills, Kerry, Whistling Rufus, LjWAyl3JdgM.mid", Kerry Mills,female, Whistling Rufus
"Alexandra, Liana, Welcome Rich, IyMjNxekhyo.mid", Liana Alexandra,female, Welcome Rich
"Backer-Grøndahl, Agathe, 5 Songs, Op.3, zQ0r6Q_Bspk.mid", Agathe Backer-Grøndahl,female, Op.3
"Chaminade, Cécile, Danse païenne, Op.158, M8KkgORee0k.mid", Cécile Chaminade,female, Op.158
"Bowden, Mary, Valse-impromptu No.1, Op.9, pWMG-su8mhk.mid", Mary Bowden,female, Op.9
"Chaminade, Cécile, Arabesque No.1, Op.61, gaV2unQNWA0.mid", Cécile Chaminade,female, Op.61
"Müller-Hermann, Johanna, 5 Klavierstücke, Op.3, zRhK6X17XAU.mid", Johanna Müller-Hermann,female, Op.3
"Backer-Grøndahl, Agathe, Menuet, 7C_v6PSopGs.mid", Agathe Backer-Grøndahl,female, Menuet
"Park, Maria Hester, 2 Keyboard Sonatas, Op.4, yNf2lUN4Ojw.mid", Maria Hester Park,female, Op.4
"Mourey, Colette, Nobody's Gift, b6BOCOSNKRQ.mid", Colette Mourey,female, Nobody's Gift
"Pejačević, Dora, Walzer-Capricen, Op.28, 0DKPHDq6pCA.mid", Dora Pejačević,female, Op.28
"Balakirev, Mily, Dumka, pHhFOdbjsSA.mid", Mily Balakirev,female, Dumka
"Varley, Irene, Love's Glamour, h8QmDU2wuaE.mid", Irene Varley,female, Love's Glamour
"Gabrieli, Andrea, A caso un giorno mi guidò la sorte, MYwmQyPexnE.mid", Andrea Gabrieli,female, A caso un giorno mi guidò la sorte
"Menter, Sophie, Petite valse, Op.7, aZs6SNCZB4M.mid", Sophie Menter,female, Op.7
"Saint-Saëns, Camille, Cavatine, Op.144, cEdRyJbesHk.mid", Camille Saint-Saëns,female, Op.144
"Balakirev, Mily, Tyrolean Dance, TvWm3lcWHr8.mid", Mily Balakirev,female, Tyrolean Dance
"Rivé-King, Julie, Bubbling Spring, wtFWDGpXmPE.mid", Julie Rivé-King,female, Bubbling Spring
"Balakirev, Mily, 2 Walzer-Capriccios of Aleksandr Taneyev, bLXGSsveCok.mid", Mily Balakirev,female, 2 Walzer-Capriccios of Aleksandr Taneyev
"Bonis, Mel, 6 Valses-Caprices, Op.87, 62_GR0x1mLw.mid", Mel Bonis,female, Op.87
"Strozzi, Barbara, Biblioteca d'oro (Longo, Alessandro), 13csVa1Svr8.mid", Barbara Strozzi,female, Alessandro)
"Brier, Ella, Étude Romantique, 28b4yNqHRP0.mid", Ella Brier,female, Étude Romantique
"Mourey, Colette, Nocturne oublié, jd_R1GB8gBU.mid", Colette Mourey,female, Nocturne oublié
"Tailleferre, Germaine, Pastorale, x4792xUCrqU.mid", Germaine Tailleferre,female, Pastorale
"Bauer, Charlotte, 6 Morceaux élégants, Op.4, Fy3Z02ZcyjE.mid", Charlotte Bauer,female, Op.4
"Beach, Amy Marcy, 2 Piano Pieces, Op.54, kTBbDsx5l64.mid", Amy Marcy Beach,female, Op.54
"Wurm, Mary, Piano Studies for the Left Hand, Op.51, TmhYcLynKSk.mid", Mary Wurm,female, Op.51
"Mourey, Colette, Le Coq, PveqrWnjQWE.mid", Colette Mourey,female, Le Coq
"Balakirev, Mily, Waltz No.7, FnqIb4jXA1o.mid", Mily Balakirev,female, Waltz No.7
"Labole, Germaine, Symphony in B minor, RbWuFiyLHXo.mid", Germaine Labole,female, Symphony in B minor
"Bądarzewska-Baranowska, Tekla, La prière d'une vierge, Op.4, ae3Hm9FLG_U.mid", Tekla Bądarzewska-Baranowska,female, Op.4
"Saint-Saëns, Camille, 6 Études, Op.111, vDH5CYeFLZk.mid", Camille Saint-Saëns,female, Op.111
"Herzogenberg, Elisabeth von, 8 Klavierstücke, DByK5S4zI48.mid", Elisabeth von Herzogenberg,female, 8 Klavierstücke
"Chaminade, Cécile, Ecossaise, Op.151, Ww1FxDE-K30.mid", Cécile Chaminade,female, Op.151
"Schumann, Clara, Impromptu in E major, -Fv6aluZBhY.mid", Clara Schumann,female, Impromptu in E major
"Saint-Saëns, Camille, Valse langoureuse, Op.120, GW7qnfpeie4.mid", Camille Saint-Saëns,female, Op.120
"Marchesi, Mathilde, Art du chant, Op.21, Q25cq4l84Fk.mid", Mathilde Marchesi,female, Op.21
"Ferrari, Carlotta, Madonna sistina, BLLala1w3Eg.mid", Carlotta Ferrari,female, Madonna sistina
"Tagliapietra-Carreño, Teresita, 3 Morceaux, t2PssWJzCcI.mid", Teresita Tagliapietra-Carreño,female, 3 Morceaux
"Lærum-Liebich, Inga, Witch Dance, 4nWe8S4HO3o.mid", Inga Lærum-Liebich,female, Witch Dance
"Westenholz, Sophia Maria, Rondo in B-flat major, Op.1, qBH93xNbaqk.mid", Sophia Maria Westenholz,female, Op.1
"Jaëll, Marie, Feuillet d'album, 06GhOTGkFEg.mid", Marie Jaëll,female, Feuillet d'album
"Chaminade, Cécile, L'Ondine, Op.101, mbXtHgGKVEk.mid", Cécile Chaminade,female, Op.101
"Chaminade, Cécile, Valse d'automne, Op.169, ozPePoWO1Tc.mid", Cécile Chaminade,female, Op.169
"Stamaty, Camille, Tarantelle, Op.23, GrwFyBABKQk.mid", Camille Stamaty,female, Op.23
"Chaminade, Cécile, 2 Pieces for 2 Pianos, Op.36, yZExitRS1d8.mid", Cécile Chaminade,female, Op.36
"Turchetto, Andrea, Intermezzo in F minor, i2CYrxBGq68.mid", Andrea Turchetto,female, Intermezzo in F minor
"Alexandra, Liana, Symphony No.9 'Jerusalem', ec90hqet7YY.mid", Liana Alexandra,female, Symphony No.9 'Jerusalem'
"Gardana, Enea, La Luvisella, QqFHLAlelIM.mid", Enea Gardana,female, La Luvisella
"Bowden, Mary, Valse-impromptu No.2, Op.19, _suR1Lffahc.mid", Mary Bowden,female, Op.19
"Stamaty, Camille, Romance dramatique, Op.14, HhXu7UgJuYs.mid", Camille Stamaty,female, Op.14
"Schumann, Clara, Scherzo No.2, Op.14, Y1z67TKQB28.mid", Clara Schumann,female, Op.14
"Malibrán, María, Au bord de la mer, MvBsEVfVsWQ.mid", María Malibrán,female, Au bord de la mer
"Ferrari, Carlotta, Trinitas, iNxa3wxbj_0.mid", Carlotta Ferrari,female, Trinitas
"Selva, Blanche, Cloches dans la brume, UcZVn_yhbvA.mid", Blanche Selva,female, Cloches dans la brume
"Alexandra, Liana, Sonata for 6 Horns, aOzAb9_oFjw.mid", Liana Alexandra,female, Sonata for 6 Horns
"Kafashi, Sina, Invention in C major, Op.1 No.1, PpgEPdidSfE.mid", Sina Kafashi,female, Op.1 No.1
"Casalonga, Marguerite, Valse in A-flat major, j5Ecc6smPJo.mid", Marguerite Casalonga,female, Valse in A-flat major
"Chaminade, Cécile, Les noces d'argent, Op.13, vK7BQ3jmZ40.mid", Cécile Chaminade,female, Op.13
"Galos, Giselle, Cloches Dans le Soir, xeGg3i7-dJQ.mid", Giselle Galos,female, Cloches Dans le Soir
"Poldini, Ede, Folies d'autrefois, Op.90, Vb_dx-QYGl8.mid", Ede Poldini,female, Op.90
"Saint-Saëns, Camille, Gavotte, Op.23, 7t1P6Gi5BAs.mid", Camille Saint-Saëns,female, Op.23
"Backer-Grøndahl, Agathe, 6 Songs, Op.27, dYOtiPihAJo.mid", Agathe Backer-Grøndahl,female, Op.27
"Schubert, Camille, Bertha, MVPz-wNEEGI.mid", Camille Schubert,female, Bertha
"Beach, Amy Marcy, Les Rêves de Colombine, Op.65, bWNw0Gkl_sk.mid", Amy Marcy Beach,female, Op.65
"Balakirev, Mily, Nocturne No.3, ne81cDh9qGE.mid", Mily Balakirev,female, Nocturne No.3
"Balakirev, Mily, Spanish Melody, OSVktCy44B4.mid", Mily Balakirev,female, Spanish Melody
"Schubert, Camille, La rose de Palerme, Op.232, QvT_6K1ynpc.mid", Camille Schubert,female, Op.232
"Price, Florence, The Goblin and the Mosquito, _53HYIi7QXQ.mid", Florence Price,female, The Goblin and the Mosquito
"Young, Sabrina Pena, In the Arms of Momma D, M9oDPfbL_vg.mid", Sabrina Pena Young,female, In the Arms of Momma D
"Schumann, Clara, Souvenir de Vienne, Op.9, 1tAiBepMzIE.mid", Clara Schumann,female, Op.9
"Bowden, Mary, Rêverie, Op.10, LpmLhx8duPM.mid", Mary Bowden,female, Op.10
"Balakirev, Mily, Piano Sonata No.2, JVaV_CXrYoU.mid", Mily Balakirev,female, Piano Sonata No.2
"Carnero, Ana Leira, Piano Sonata No.2, Op.4, dVHMd0ybWu8.mid", Ana Leira Carnero,female, Op.4
"Lucke, Katharine E., Allegretto in F major, Oi1l89xatHw.mid", Katharine E. Lucke,female, Allegretto in F major
"Bądarzewska-Baranowska, Tekla, L'écho des bois, TixkOjONNps.mid", Tekla Bądarzewska-Baranowska,female, L'écho des bois
"Galos, Giselle, Le prince charmant, k86sdKK0TL0.mid", Giselle Galos,female, Le prince charmant
"Henriques, Fini, Wiegenlied, OUmqqJzVvlM.mid", Fini Henriques,female, Wiegenlied
"Saint-Saëns, Camille, Valse gaie, Op.139, leeoCzljMBA.mid", Camille Saint-Saëns,female, Op.139
"Chitty, Gina Ismene, The Spanish Dancer and the Jongleur, _4FAVvvGqvo.mid", Gina Ismene Chitty,female, The Spanish Dancer and the Jongleur
"Turchetto, Andrea, Intermezzo in A-flat major, 4bu2DNrPKtY.mid", Andrea Turchetto,female, Intermezzo in A-flat major
"Sarnecka, Jadwiga, 4 Impressions, Op.12, VP3XwxkHLmc.mid", Jadwiga Sarnecka,female, Op.12
"Lehmann, Liza, Cobweb Castle, jwPRc8ByGYM.mid", Liza Lehmann,female, Cobweb Castle
"Chaminade, Cécile, Gavotte No.2, Op.121, dQYOBA9BETA.mid", Cécile Chaminade,female, Op.121
"Sandy, Grace Linn, The Automobile Spin, T07djpjYvZI.mid", Grace Linn Sandy,female, The Automobile Spin
"Ferrari, Carlotta, Preludio in eco, PbvUzMzHAI8.mid", Carlotta Ferrari,female, Preludio in eco
"Sehested, Hilda, Piano Sonata in A-flat major, qoyqvTaK3Gg.mid", Hilda Sehested,female, Piano Sonata in A-flat major
"Ferrari, Carlotta, Dittico del deserto, G7oBPspGsJs.mid", Carlotta Ferrari,female, Dittico del deserto
"Fine, Vivian, Sinfonia and Fugato, Zs86Ftc507Q.mid", Vivian Fine,female, Sinfonia and Fugato
"Gauthiez, Cécile, Thème et variations, oY5c9GzKF9M.mid", Cécile Gauthiez,female, Thème et variations
"Beach, Amy Marcy, Hermit Thrush, Op.92, SNkiywugVmY.mid", Amy Marcy Beach,female, Op.92
"Ferrari, Carlotta, Catnap Toccata, 4G5wKH7ca3M.mid", Carlotta Ferrari,female, Catnap Toccata
"Pickering, Jane, Jane Pickering's Lute Book, vX-mmQ2PijA.mid", Jane Pickering,female, Jane Pickering's Lute Book
"Ponsa, Maria Lluïsa, Valse poétique, 55s81R6WRws.mid", Maria Lluïsa Ponsa,female, Valse poétique
"Hensel, Fanny, 3 Mélodies, Op.4, wGe0V3CQ3NU.mid", Fanny Hensel,female, Op.4
"Farrenc, Louise, 25 Etudes faciles, Op.50, aMzqFzDExOc.mid", Louise Farrenc,female, Op.50
"Chaminade, Cécile, Passacaille, Op.130, -0Ki5mj4qw8.mid", Cécile Chaminade,female, Op.130
"Balakirev, Mily, Grand Fantasy on Russian Folksongs, Op.4, B5_AorkHqyg.mid", Mily Balakirev,female, Op.4
"Esposito, Michele, 3 Piano Pieces, Op.61, 5Rm3DbUHU0E.mid", Michele Esposito,female, Op.61
"Varley, Irene, Love's Enchantment, h8QmDU2wuaE.mid", Irene Varley,female, Love's Enchantment
"Sohy, Charlotte, Thème varié, 7SMFBzu0y0I.mid", Charlotte Sohy,female, Thème varié
"Saint-Saëns, Camille, Tristesse, wv8qCaDg39A.mid", Camille Saint-Saëns,female, Tristesse
"Pejačević, Dora, Erinnerung, Op.24, 8V44XFDnkTc.mid", Dora Pejačević,female, Op.24
"Saint-Saëns, Camille, Sur les bords du Nil, Op.125, GgXXaljyFUI.mid", Camille Saint-Saëns,female, Op.125
"Chouquet, Louise, Serenade for the Left Hand, Et4MdA7qFxo.mid", Louise Chouquet,female, Serenade for the Left Hand
"Bauer, Marion, 4 Piano Pieces, Op.21, kPow5pNPRsE.mid", Marion Bauer,female, Op.21
"Hensel, Fanny, 4 Lieder for Piano, Op.6, azKJM64pG9s.mid", Fanny Hensel,female, Op.6
"Chaminade, Cécile, Valse-Caprice, Op.33, qtNMvD2peJc.mid", Cécile Chaminade,female, Op.33
"Chaminade, Cécile, Album des enfants - 1ère série, Op.123, LrRE0BfB3cI.mid", Cécile Chaminade,female, Op.123
"Ferrari, Carlotta, Suite da sala su temi di opere verdiane, 1YgI_x87cpM.mid", Carlotta Ferrari,female, Suite da sala su temi di opere verdiane
"Balakirev, Mily, Au jardin, tOI9Z0KQUOE.mid", Mily Balakirev,female, Au jardin
"Carreño, Teresa, Un rêve en mer, Op.28, qWlBcELtCd4.mid", Teresa Carreño,female, Op.28
"Ferrari, Carlotta, D.E.A.TH., TVvpJ0ya_tQ.mid", Carlotta Ferrari,female, D.E.A.TH.
"Tailleferre, Germaine, Impromptu, PygIdJMDKw4.mid", Germaine Tailleferre,female, Impromptu
"Schumann, Clara, Variations de Concert, Op.8, NhmKrPF32EQ.mid", Clara Schumann,female, Op.8
"Schjelderup, Mon, Ballade, Op.2, ZnSRcHW1QSI.mid", Mon Schjelderup,female, Op.2
"Beach, Amy Marcy, Valse-Caprice, Op.4, fr-IhTSqZwI.mid", Amy Marcy Beach,female, Op.4
"Szymanowska, Maria Agata, Nocturne in A-flat major, i9t0nCfu9SI.mid", Maria Agata Szymanowska,female, Nocturne in A-flat major
"Larmande-Des Argus, Sophie Lucile, Fantaisie sur des motifs de 'Marie', Op.6, fULiZGNsBxM.mid", Sophie Lucile Larmande-Des Argus,female, Op.6
"Schumann, Clara, 3 Romances, Op.11, emWwJwiEnF0.mid", Clara Schumann,female, Op.11
"Stamaty, Camille, Andante-méditation sur 'Plaisir d'amour', Op.24, QvRGG-ngdGA.mid", Camille Stamaty,female, Op.24
"Poldini, Ede, Serenade (Poldowski), 9plzBFr9mR8.mid", Ede Poldini,female, Serenade (Poldowski)
"Chevillard, Camille, Thème et variations, Op.5, 6quGdFYoRIE.mid", Camille Chevillard,female, Op.5
"Fine, Vivian, 4 Polyphonic Piano Pieces, JtPpa8s2JgE.mid", Vivian Fine,female, 4 Polyphonic Piano Pieces
"Balakirev, Mily, Humoresque, WiB_GJij8bI.mid", Mily Balakirev,female, Humoresque
"Backer-Grøndahl, Agathe, Kunstnermarsch, xvJB1J1PThM.mid", Agathe Backer-Grøndahl,female, Kunstnermarsch
"Beach, Amy Marcy, 3 Morceaux caractéristiques, Op.28, sP5PJAusuPs.mid", Amy Marcy Beach,female, Op.28
"Pujol, Joan Baptista, Rosas y Perlas, xLetW8DbxS4.mid", Joan Baptista Pujol,female, Rosas y Perlas
"Saint-Saëns, Camille, Valse nonchalante, Op.110, jxqD-hYrt_M.mid", Camille Saint-Saëns,female, Op.110
"Antico, Andrea, Per dolor mi bagno, uFY9NWLIpkc.mid", Andrea Antico,female, Per dolor mi bagno
"Fine, Elaine, Preludes for 5775, eCy56-t98kI.mid", Elaine Fine,female, Preludes for 5775
"Lennox, Lindsay, Love's Golden Dream, PZEWGWAxH-M.mid", Lindsay Lennox,female, Love's Golden Dream
"Carnero, Ana Leira, Piano Sonata No.3 'Mondana', 2AKrxLmVlus.mid", Ana Leira Carnero,female, Piano Sonata No.3 'Mondana'
"Chaminade, Cécile, 2 Piano Pieces, Op.9, Zn1YF0dOa5Q.mid", Cécile Chaminade,female, Op.9
"Stamaty, Camille, 6 Études caractéristiques sur 'Obéron', Op.33, KWXLyiWUeYQ.mid", Camille Stamaty,female, Op.33
"Bernet, Atie, Invention No.4, 6WVt0MZz2NA.mid", Atie Bernet,female, Invention No.4
"Selva, Blanche, Cloches au soleil, ATU0od8ELmg.mid", Blanche Selva,female, Cloches au soleil
"Backer-Grøndahl, Agathe, 5 Songs, Op.23, xvJB1J1PThM.mid", Agathe Backer-Grøndahl,female, Op.23
"Beach, Amy Marcy, Children's Album, Op.36, op8BXBAhShs.mid", Amy Marcy Beach,female, Op.36
"Kaprálová, Vítězslava, Grotesque passacaglia, QbKMaxL5sz8.mid", Vítězslava Kaprálová,female, Grotesque passacaglia
"Le Beau, Luise Adolpha, 8 Preludes, Op.12, P98lnVEe3xI.mid", Luise Adolpha Le Beau,female, Op.12
"Bodom, Erika, Midtsommer serenade, KMQvvlsbhZ8.mid", Erika Bodom,female, Midtsommer serenade
"Mayer, Emilie, Piano Sonata in D minor, f8kA_LSH6Ug.mid", Emilie Mayer,female, Piano Sonata in D minor
"Robinson, Gertrude Ina, Groves of Blarney, yQqS4hoP6oY.mid", Gertrude Ina Robinson,female, Groves of Blarney
"Carafa, Michele, La violette, cJnA567RO3I.mid", Michele Carafa,female, La violette
"Balakirev, Mily, Scherzo No.2, bMrA5OibV1w.mid", Mily Balakirev,female, Scherzo No.2
"Bonis, Mel, Orientale, Op.32, LtEV-7HiEGE.mid", Mel Bonis,female, Op.32
"Thys, Pauline, Petit nègre, yC5LbaO-nWA.mid", Pauline Thys,female, Petit nègre
"Chaminade, Cécile, Les Sylvains, Op.60, mJQI5xL57GQ.mid", Cécile Chaminade,female, Op.60
"Ferrari, Carlotta, Fantasia e fuga sul nome di Pachelbel, 6s3spO3EfAM.mid", Carlotta Ferrari,female, Fantasia e fuga sul nome di Pachelbel
"Galos, Giselle, La baie des anges, JyDR-MwQDzY.mid", Giselle Galos,female, La baie des anges
"Stamaty, Camille, Du moment qu'on aime, bd4z45uKhQ8.mid", Camille Stamaty,female, Du moment qu'on aime
"Chaminade, Cécile, Presto, Op.2, aoTnCkeh014.mid", Cécile Chaminade,female, Op.2
"Netzel, Laura, 2 Etudes de Concert, Op.52, eD5BLXE1N1s.mid", Laura Netzel,female, Op.52
"Beach, Amy Marcy, Bal masqué, Op.22, YASoJ_nBu0M.mid", Amy Marcy Beach,female, Op.22
"Schumann, Clara, Scherzo No.1, Op.10, _5G0imFdEB4.mid", Clara Schumann,female, Op.10
"Chaminade, Cécile, Piano Sonata, Op.21, L4IjloAwgd4.mid", Cécile Chaminade,female, Op.21
"Ferrari, Carlotta, Sirena, pSFC5SW83cc.mid", Carlotta Ferrari,female, Sirena
"Hoberg, Margaret, Allegro maestoso, FY04wS7gtF4.mid", Margaret Hoberg,female, Allegro maestoso
"Charbonnet, Alice Ellen, Danse d'Arlequin, U39F6CUJgTU.mid", Alice Ellen Charbonnet,female, Danse d'Arlequin
"Balakirev, Mily, Toccata, _lvX9JLqAUI.mid", Mily Balakirev,female, Toccata
"Beach, Amy Marcy, The Fair Hills of Eiré, Op.91, EuwOdIHlCp4.mid", Amy Marcy Beach,female, Op.91
"Lacout-Widmer, Marie Madeleine Sophie, Le couvre-feu, kr_86lRSfUE.mid", Marie Madeleine Sophie Lacout-Widmer,female, Le couvre-feu
"Wright, Nannie Louise, Veil Dance, xWINDd_Fpwg.mid", Nannie Louise Wright,female, Veil Dance
"Backer-Grøndahl, Agathe, 3 Klavierstücke, Op.25, J6-Fjpu-f8k.mid", Agathe Backer-Grøndahl,female, Op.25
"Bowden, Mary, L'aurore joyeuse, Op.26, HlGent3942w.mid", Mary Bowden,female, Op.26
"Backer-Grøndahl, Agathe, 4 Sketches, Op.19, iLu_EotA_VI.mid", Agathe Backer-Grøndahl,female, Op.19
"Stamaty, Camille, 12 Esquisses, Op.17, gKeJsf4mdr0.mid", Camille Stamaty,female, Op.17
"Reichgott, Heather W., Music for Ballet Class, iVpEVVnL5A0.mid", Heather W. Reichgott,female, Music for Ballet Class
"Alombert, Jeanne, Impromptu, CsGt_W9ryj0.mid", Jeanne Alombert,female, Impromptu
"Chaminade, Cécile, Gavotte No.5, Op.162, 08QVLUDJgb4.mid", Cécile Chaminade,female, Op.162
"Stamaty, Camille, Les farfadets, k5UvQxcHuJI.mid", Camille Stamaty,female, Les farfadets
"Masotti, Celestina, Angel Dreams, Op.41, 3K-4kAOSSg4.mid", Celestina Masotti,female, Op.41
"Carnero, Ana Leira, Allegro Eroico, 3bvllmRlYVM.mid", Ana Leira Carnero,female, Allegro Eroico
"Mourey, Colette, Fuji-san Suite, tmb_QXiAuWw.mid", Colette Mourey,female, Fuji-san Suite
"Kralik, Mathilde, Reigen, ApC4Hmwea-o.mid", Mathilde Kralik,female, Reigen
"Morton, Jelly Roll, The Crave, MkGjDbKauVo.mid", Jelly Roll Morton,female, The Crave
"Mourey, Colette, Festive Voluntary, nbMPXKSMBsQ.mid", Colette Mourey,female, Festive Voluntary
"Balakirev, Mily, Scherzo No.1, 3YtNrY0xizU.mid", Mily Balakirev,female, Scherzo No.1
"Nacci, Andrea Antonello, Improvviso, ZhU1TOUcI1U.mid", Andrea Antonello Nacci,female, Improvviso
"Backer-Grøndahl, Agathe, 5 Lettere fantasistykker, Op.63, IkN3kVAt-W8.mid", Agathe Backer-Grøndahl,female, Op.63
"Chaminade, Cécile, 6 Romances sans paroles, Op.76, 465-EkrBeq4.mid", Cécile Chaminade,female, Op.76
"Balakirev, Mily, Mazurka No.5, WnsEZCFt21c.mid", Mily Balakirev,female, Mazurka No.5
"Beach, Amy Marcy, Summer Dreams, Op.47, ygA4PT4uvLk.mid", Amy Marcy Beach,female, Op.47
"Schumann, Clara, Etude in A-flat major, WoO 4, dms87gVtV9M.mid", Clara Schumann,female, WoO 4
"Beach, Amy Marcy, Children's Carnival, Op.25, pypAZ9R3dDw.mid", Amy Marcy Beach,female, Op.25
"Balakirev, Mily, Nocturne No.2, NZYtqt6lIcw.mid", Mily Balakirev,female, Nocturne No.2
"Bodom, Erika, Sommeraften i Balholm, Op.8, b6ExyoXjzjM.mid", Erika Bodom,female, Op.8
"Price, Florence, Ticklin' Toes, n_4gTDdvkeA.mid", Florence Price,female, Ticklin' Toes
"Kolb Ayala, Angelina, Rêverie, XIXbUxmCTT8.mid", Angelina Kolb Ayala,female, Rêverie
"Carnero, Ana Leira, Piano Sonata No.1 'Tempi di Eternità', 10RTRs8nZdA.mid", Ana Leira Carnero,female, Piano Sonata No.1 'Tempi di Eternità'
"Le Beau, Luise Adolpha, Piano Sonata, Op.8, eJaU1-fsusU.mid", Luise Adolpha Le Beau,female, Op.8
"Szymanowska, Maria Agata, Caprice sur la romance de Joconde, GazfAWuhHDg.mid", Maria Agata Szymanowska,female, Caprice sur la romance de Joconde
"Simoni, Mary, Armé Arirang, K8eQ4LJo890.mid", Mary Simoni,female, Armé Arirang
"Balakirev, Mily, Nocturne No.1, rdmD2m3liJQ.mid", Mily Balakirev,female, Nocturne No.1
"Saint-Saëns, Camille, Valse canariote, Op.88, Aie1wghbqzA.mid", Camille Saint-Saëns,female, Op.88
"Rubinstein, Beryl, Whirligig (Etude No.2), 73_Zqtl2Ztg.mid", Beryl Rubinstein,female, Whirligig (Etude No.2)
"Lowthian, Caroline, Myosotis Waltz, 3sfNFQIASME.mid", Caroline Lowthian,female, Myosotis Waltz
"Balakirev, Mily, Capriccio, 6l0we1zLaKs.mid", Mily Balakirev,female, Capriccio
"Chaminade, Cécile, La Morena, Op.67, WhcacCmWHiY.mid", Cécile Chaminade,female, Op.67
"Bonis, Mel, Pensées d'automne, Op.19, bF0-lkZU3Jc.mid", Mel Bonis,female, Op.19
"Carreño, Teresa, Le sommeil de l'enfant, Op.35, FO0Cikywa78.mid", Teresa Carreño,female, Op.35
"Backer-Grøndahl, Agathe, 6 Klaverstykker, Op.59, zjt40fw_gas.mid", Agathe Backer-Grøndahl,female, Op.59
"Saint-Saëns, Camille, Madeleine, GKhXbJ6yqLE.mid", Camille Saint-Saëns,female, Madeleine
"Sarnecka, Jadwiga, Piano Sonata, Op.9, y1A8tuB5vEY.mid", Jadwiga Sarnecka,female, Op.9
"Ottavini, Andrea Maria, Angelus qui in terra descendit, YiRqpUa01nM.mid", Andrea Maria Ottavini,female, Angelus qui in terra descendit
"Brinkmann, Minna, In die Ferne, jPaSFM8YLsE.mid", Minna Brinkmann,female, In die Ferne
"Dobyns, Geraldine, Possum Rag, rrzCBkAPTCE.mid", Geraldine Dobyns,female, Possum Rag
"Gardana, Enea, Ballabili per chitarra, Op.15, u_YV8KqnKQ0.mid", Enea Gardana,female, Op.15
"Chaminade, Cécile, Menuet, Op.5, ALrNdpqjQ6Y.mid", Cécile Chaminade,female, Op.5
"Backer-Grøndahl, Agathe, 6 Songs, Op.6, ELeX0GPhIbc.mid", Agathe Backer-Grøndahl,female, Op.6
"Keyhani, Karen, The Last Colour, kR9TUwBFQyw.mid", Karen Keyhani,female, The Last Colour
"Brochocka, Katarzyna, Rondo Perpetuo, ysEpnttHBxE.mid", Katarzyna Brochocka,female, Rondo Perpetuo
"Nacci, Andrea Antonello, San Giuseppe da Copertino, hU3G9jbmQUQ.mid", Andrea Antonello Nacci,female, San Giuseppe da Copertino
"Stankovych, Tatiana, La Sorgente, WW4umF_tRIA.mid", Tatiana Stankovych,female, La Sorgente
"Chaminade, Cécile, Feuilles d'automne, Op.146, sr5_muJGVl0.mid", Cécile Chaminade,female, Op.146
"Saint-Saëns, Camille, Berceuse, Op.105, qtumM33T2mQ.mid", Camille Saint-Saëns,female, Op.105
"Chaminade, Cécile, 6 Pièces humoristiques, Op.87, eAp0gZQdvTo.mid", Cécile Chaminade,female, Op.87
"Bragina, Irina, October, 25, WLD1Ku-Bmdw.mid", Irina Bragina,female, 25
"Chaminade, Cécile, Ritournelle, Op.83, WwzgwfZXkUU.mid", Cécile Chaminade,female, Op.83
"Saint-Saëns, Camille, La cigale et la fourmi, SgL68lyIr7U.mid", Camille Saint-Saëns,female, La cigale et la fourmi
"Galos, Giselle, Le Chant du Batelier, FUfN2EHT_Sc.mid", Giselle Galos,female, Le Chant du Batelier
"Wiel, Elise, 5 Små Klaverstykker, Op.2, 2mZ2fG1G_c4.mid", Elise Wiel,female, Op.2
"Chaminade, Cécile, Album des enfants - 2ème série, Op.126, RZAX8eBgKcQ.mid", Cécile Chaminade,female, Op.126
"Charbonnet, Alice Ellen, Brise de mer, efWaupz0n-s.mid", Alice Ellen Charbonnet,female, Brise de mer
"Fuchs-Delaye, Elisa, Piece in A-flat major, Op.25, 7E3Ka0ThO_Y.mid", Elisa Fuchs-Delaye,female, Op.25
"Wieck, Marie, Scherzo, 005YfagpzJY.mid", Marie Wieck,female, Scherzo
"Chaminade, Cécile, Gavotte No.3, Op.144, dQYOBA9BETA.mid", Cécile Chaminade,female, Op.144
"Bonis, Mel, Carillon mystique, Op.31, kqAS9SY5IjU.mid", Mel Bonis,female, Op.31
"Murphy, Hilda Romer, Valse caprice, wzLDonx9zdI.mid", Hilda Romer Murphy,female, Valse caprice
"Galos, Giselle, L'orage dans les Alpes, o8dD_hvQyko.mid", Giselle Galos,female, L'orage dans les Alpes
"Crawford Seeger, Ruth, Piano Preludes, h0lBfEyNICE.mid", Ruth Crawford Seeger,female, Piano Preludes
"Chaminade, Cécile, Au pays dévasté, Op.155, rLoDWk452D0.mid", Cécile Chaminade,female, Op.155
"Chaminade, Cécile, Etude romantique, Op.132, 1WvzZZMIWew.mid", Cécile Chaminade,female, Op.132
"Bonis, Mel, Suite en forme de valses, FTEw8_EkODg.mid", Mel Bonis,female, Suite en forme de valses
"Martinez, Marianne, Piano Sonata in E major, eepGTK8OjSM.mid", Marianne Martinez,female, Piano Sonata in E major
"Andrée, Elfrida, Julstämning, 7ZsqXGGBSS8.mid", Elfrida Andrée,female, Julstämning
"Mills, Kerry, Kerry Mills Ragtime Dance, wyrFC536ae0.mid", Kerry Mills,female, Kerry Mills Ragtime Dance
"Bowden, Mary, Balletto, Op.12, tntyZXrukE8.mid", Mary Bowden,female, Op.12
"Chevrier, Valentine, Échos de Monplaisir, KTjcnZeuuCc.mid", Valentine Chevrier,female, Échos de Monplaisir
"Beach, Amy Marcy, Variations on Balkan Themes, Op.60, U2xTaHNWlV0.mid", Amy Marcy Beach,female, Op.60
"Schumann, Clara, Romance variée, Op.3, IxZCUZxQU4Y.mid", Clara Schumann,female, Op.3
"Menter, Sophie, Etude, Op.9, IPsKdu97ggA.mid", Sophie Menter,female, Op.9
"Beach, Amy Marcy, Ballade, Op.6, Sz_eZLjAMBs.mid", Amy Marcy Beach,female, Op.6
"Wright, Nannie Louise, 7 Melodious Pieces, Op.74, hWwI-ZfGQqk.mid", Nannie Louise Wright,female, Op.74
"Saint-Saëns, Camille, 6 Fugues, Op.161, 269XQudMtEo.mid", Camille Saint-Saëns,female, Op.161
"Ferrari, Carlotta, Anna Frank, VsWnIvRP_FM.mid", Carlotta Ferrari,female, Anna Frank
"Boulanger, Lili, 3 Morceaux, foK8SyPqH54.mid", Lili Boulanger,female, 3 Morceaux
"Mourey, Colette, Grande Fantaisie Hypertonale, Aiyn7nsi5xs.mid", Colette Mourey,female, Grande Fantaisie Hypertonale
"Henriques, Fini, Aphorismen, Op.6, kHg1pty4hx8.mid", Fini Henriques,female, Op.6
"Beach, Amy Marcy, 5 Improvisations, Op.148, 07vtdIazkxM.mid", Amy Marcy Beach,female, Op.148
"Levy, Sol Paul, Lovelette, PYM_13FKgGg.mid", Sol Paul Levy,female, Lovelette
"Allen, Euphemia, The Celebrated Chop Waltz, eJZnDn-M8JM.mid", Euphemia Allen,female, The Celebrated Chop Waltz
"Backer-Grøndahl, Agathe, 6 Songs, Op.9, dYOtiPihAJo.mid", Agathe Backer-Grøndahl,female, Op.9
"Ferrari, Carlotta, Hope is the Thing with Feathers, UrXiZTPiUMU.mid", Carlotta Ferrari,female, Hope is the Thing with Feathers
"Stella, Simone, Toccata and Fugue in A minor, EDAA98QXjds.mid", Simone Stella,female, Toccata and Fugue in A minor
"Bernet, Atie, Invention No.1, PumHWfIbpO8.mid", Atie Bernet,female, Invention No.1
"Charbonnet, Alice Ellen, M'appari, JjPKTmfZZUU.mid", Alice Ellen Charbonnet,female, M'appari
"Schumann, Clara, Prelude and Fugue in F-sharp minor, jfmvFLTYcWE.mid", Clara Schumann,female, Prelude and Fugue in F-sharp minor
"Chaminade, Cécile, Valse carnavalesque, Op.73, QGG6XIE3FuM.mid", Cécile Chaminade,female, Op.73
"Alexandra, Liana, The Voice, VtRyL1pH9Yc.mid", Liana Alexandra,female, The Voice
"Chaminade, Cécile, Arabesque No.2, Op.92, mXfIl9fiCEE.mid", Cécile Chaminade,female, Op.92
"Mourey, Colette, Voluntary, nbMPXKSMBsQ.mid", Colette Mourey,female, Voluntary
"Chaminade, Cécile, Toccata, Op.39, G4hfYZySUyg.mid", Cécile Chaminade,female, Op.39
"Balakirev, Mily, Scherzo No.3, YHAjdkequ7M.mid", Mily Balakirev,female, Scherzo No.3
"Backer-Grøndahl, Agathe, 5 Songs, Op.46, ELeX0GPhIbc.mid", Agathe Backer-Grøndahl,female, Op.46
"Brochocka, Katarzyna, Piano Sonata No.1, 5OHor_u7wMU.mid", Katarzyna Brochocka,female, Piano Sonata No.1
"Varley, Irene, Capricietta, nVo5MHtR9aM.mid", Irene Varley,female, Capricietta
"Menter, Sophie, Romance, Op.5, G_l1XbgK3Y0.mid", Sophie Menter,female, Op.5
"Bonis, Mel, La Cathédrale blessée, Op.107, -LV8EhGbxwI.mid", Mel Bonis,female, Op.107
"Kahn, Esther, The watermill, bO2qNZW1FAk.mid", Esther Kahn,female, The watermill
"Balakirev, Mily, Mazurka No.3, -D7iDk1ezW8.mid", Mily Balakirev,female, Mazurka No.3
"Hensel, Fanny, 3 Mélodies, Op.5, hzg6VWthDGo.mid", Fanny Hensel,female, Op.5
"Chrétien, Hedwige, Mazurka No.1, o6dnq4QPjIQ.mid", Hedwige Chrétien,female, Mazurka No.1
"Montague, Laurence Hibbard, Red Roses, 4e_QrOzfEg0.mid", Laurence Hibbard Montague,female, Red Roses
"Woodforde-Finden, Amy, A Dream of Egypt, nTDZyDl-Xkw.mid", Amy Woodforde-Finden,female, A Dream of Egypt
"Balakirev, Mily, Waltz No.4, kbl1KWIFnSY.mid", Mily Balakirev,female, Waltz No.4
"Aulin, Valborg, 7 Piano Pieces, Op.8, hv1WahVmOcM.mid", Valborg Aulin,female, Op.8
"Schubert, Camille, Mosaïque sur des motifs de la 'Norma', Op.27, xFZ88cir4Oc.mid", Camille Schubert,female, Op.27
"Balakirev, Mily, Rêverie in F major, MHeKFiPw3tc.mid", Mily Balakirev,female, Rêverie in F major
"Mourey, Colette, A Christmas Dream, jne0ZD85_hc.mid", Colette Mourey,female, A Christmas Dream
"Chaminade, Cécile, Contes bleus, Op.122, hvlRmQ3Dli8.mid", Cécile Chaminade,female, Op.122
"Bonis, Mel, Scènes enfantines, Op.92, 6C_qqVhX9zA.mid", Mel Bonis,female, Op.92
"Chevillard, Camille, Feuillet d'album, LEEGWIko_8I.mid", Camille Chevillard,female, Feuillet d'album
"Balakirev, Mily, Waltz No.2, LUG9RhyEV8c.mid", Mily Balakirev,female, Waltz No.2
"Erb, Marie Josef, Château d'Alsace, L760FVX5iro.mid", Marie Josef Erb,female, Château d'Alsace
"Bonis, Mel, Barcarolle, Op.71, Ds5jNk670pY.mid", Mel Bonis,female, Op.71
"Crawford Seeger, Ruth, Piano Study in Mixed Accents, NueRcUi0RLA.mid", Ruth Crawford Seeger,female, Piano Study in Mixed Accents
"Henriques, Fini, Pictures, KDpcOh5-K3A.mid", Fini Henriques,female, Pictures
"Tailleferre, Germaine, Jeux de plein air, 4Z-Zj6drrzA.mid", Germaine Tailleferre,female, Jeux de plein air
"Esposito, Michele, Suite, Op.34, KpwJINbxeUk.mid", Michele Esposito,female, Op.34
"Szymanowska, Maria Agata, Divertissement in B-flat major, i9t0nCfu9SI.mid", Maria Agata Szymanowska,female, Divertissement in B-flat major
"Beauvois, Fernande, Espièglerie, Op.8, qAHBPKUYhRQ.mid", Fernande Beauvois,female, Op.8
"Padieu, Clémentine, Rondo, Op.6, _VNlls5zmMw.mid", Clémentine Padieu,female, Op.6
"Chaminade, Cécile, Nocturne, Op.165, KR042eAvl0s.mid", Cécile Chaminade,female, Op.165
"Bonis, Mel, Les Gitanos, Arjb_zjU-CA.mid", Mel Bonis,female, Les Gitanos
"Rivé-King, Julie, March of the Goblins, q4lCwUtHxHA.mid", Julie Rivé-King,female, March of the Goblins
"Balakirev, Mily, Mazurka No.2, 2luRSJMtDtk.mid", Mily Balakirev,female, Mazurka No.2
"Saint-Saëns, Camille, Menuet et valse, Op.56, dhT4AUuZoy0.mid", Camille Saint-Saëns,female, Op.56
"Turchetto, Andrea, Fantasia su temi di Rossini, K-HyanHyqBw.mid", Andrea Turchetto,female, Fantasia su temi di Rossini
"Esposito, Michele, 3 Ballades, Op.59, hM5uNjhJ368.mid", Michele Esposito,female, Op.59
"Stankovych, Tatiana, Pesco in fiore, 4MKeRzPaocE.mid", Tatiana Stankovych,female, Pesco in fiore
"Beach, Amy Marcy, By the Still Waters, Op.114, Mploz6oawnA.mid", Amy Marcy Beach,female, Op.114
"Andrée, Elfrida, Fem smärre tonbilder, Op.7, ht0hJnFvVyY.mid", Elfrida Andrée,female, Op.7
"Beach, Amy Marcy, Out of the Depths, Op.130, NS0qDbhvWPc.mid", Amy Marcy Beach,female, Op.130
"Chaminade, Cécile, Étude pathétique, Op.124, 2O6qj2bFRcg.mid", Cécile Chaminade,female, Op.124
"Jaëll, Marie, Impromptu, AWoUj5XS6Bk.mid", Marie Jaëll,female, Impromptu
"Balakirev, Mily, Berceuse, M_I_V62ye-Y.mid", Mily Balakirev,female, Berceuse
"Luchesi, Andrea, 6 Violin Sonatas, Op.1, rAn55p8lspM.mid", Andrea Luchesi,female, Op.1
"Ashford, Emma Louise, He Leadeth Me, lZtxBhI5aIA.mid", Emma Louise Ashford,female, He Leadeth Me
"Stamaty, Camille, Sicilienne dans le genre ancien, Op.25, 2qmEIAAr8D8.mid", Camille Stamaty,female, Op.25
"Balakirev, Mily, Sonatina, SS113CjeqRw.mid", Mily Balakirev,female, Sonatina
"Montgeroult, Hélène, Cours complet pour l'enseignement du forte piano, 0emMmsUltQs.mid", Hélène Montgeroult,female, Cours complet pour l'enseignement du forte piano
"Andrée, Elfrida, Piano Sonata, Op.3, mA4AwMhx6h4.mid", Elfrida Andrée,female, Op.3
"Balakirev, Mily, La Fileuse, m_IQx0uFaOE.mid", Mily Balakirev,female, La Fileuse
"Turchetto, Andrea, 12 Variations on a Theme by Brahms, cy62z3HXEXs.mid", Andrea Turchetto,female, 12 Variations on a Theme by Brahms
"Chaminade, Cécile, La fiancée du soldat, ONAnrE-QEv0.mid", Cécile Chaminade,female, La fiancée du soldat
"Chaminade, Cécile, Les Willis, Op.42, pi8xRvMeRLU.mid", Cécile Chaminade,female, Op.42
"Kinscella, Hazel Gertrude, The Merry Shepherd, lkhH4G0TT5w.mid", Hazel Gertrude Kinscella,female, The Merry Shepherd
"Collin, Hélène, Aveu discret, Op.8, i-h9oCoJWE0.mid", Hélène Collin,female, Op.8
"Carreño, Teresa, Plainte!, Op.17, ak9BFNw73fU.mid", Teresa Carreño,female, Op.17
"Hemery, Valentine, Sympathy, ubkGDhCEAwQ.mid", Valentine Hemery,female, Sympathy
"Beach, Amy Marcy, 4 Sketches, Op.15, sBkqCBe-EXk.mid", Amy Marcy Beach,female, Op.15
"Hill, Mildred, Good Morning Sweetheart, sbGiNDrZgR0.mid", Mildred Hill,female, Good Morning Sweetheart
"Henriques, Fini, Erotik, Op.15, oHCvKJtfhg4.mid", Fini Henriques,female, Op.15
"Kennedy, Amanda, Star of the Sea, yKJUrNiid9w.mid", Amanda Kennedy,female, Star of the Sea
"Ohe, Adele aus der, Pastorale, Op.14 No.2, ILlD7jrhypY.mid", Adele aus der Ohe,female, Op.14 No.2
"Szymanowska, Maria Agata, Fantaisie in F major, L-FpCGaR3lU.mid", Maria Agata Szymanowska,female, Fantaisie in F major
"Beach, Amy Marcy, Nocturne, Op.107, 5UHayQka-ow.mid", Amy Marcy Beach,female, Op.107
"Ferrari, Carlotta, La notte delle lacrime, iyEau-tuij4.mid", Carlotta Ferrari,female, La notte delle lacrime
"Mourey, Colette, Pyramide, QVEV9JZAqG8.mid", Colette Mourey,female, Pyramide
"Carreño, Teresa, 2 Esquisses italiennes, Opp.33-34, eZdMVZi_d44.mid", Teresa Carreño,female, Opp.33-34
"Saint-Saëns, Camille, Scherzo, Op.87, U7MC0-9vWBQ.mid", Camille Saint-Saëns,female, Op.87
"Poldini, Ede, 3 Morceaux, Op.15, J8Gw3PGZNX0.mid", Ede Poldini,female, Op.15
"Auenbrugger, Marianne, Keyboard Sonata in E-flat major, nO_0VCehOz8.mid", Marianne Auenbrugger,female, Keyboard Sonata in E-flat major
"Beach, Amy Marcy, Fantasia fugata, Op.87, _C0h5WcZNHs.mid", Amy Marcy Beach,female, Op.87
"Mayer, Emilie, Tonwellen, Op.30, JUSSDINLzOM.mid", Emilie Mayer,female, Op.30
"Balakirev, Mily, Mazurka No.6, YWCUBu6T1oY.mid", Mily Balakirev,female, Mazurka No.6
"Gabrieli, Andrea, A le guancie di rose, FNAvC-dS_sM.mid", Andrea Gabrieli,female, A le guancie di rose
"Saint-Saëns, Camille, Vers la victoire, Op.152, z0vnfEVCim4.mid", Camille Saint-Saëns,female, Op.152
"Fine, Vivian, Toccatas and Arias for Harpsichord, FfcdlIa6388.mid", Vivian Fine,female, Toccatas and Arias for Harpsichord
"Schwindt, Ellen, Study in E-flat major, oMsZ2v0Wl7U.mid", Ellen Schwindt,female, Study in E-flat major
"Chaminade, Cécile, 6 Pièces romantiques, Op.55, O0J3Jtji70o.mid", Cécile Chaminade,female, Op.55
"Balakirev, Mily, Chant du pêcheur, mFccR4hzdO8.mid", Mily Balakirev,female, Chant du pêcheur
"Mourey, Colette, Hymne Européen Duo, hzZd6fDZwJw.mid", Colette Mourey,female, Hymne Européen Duo
"Hensel, Fanny, Piano Sonata in G minor, UtlCpIoWQUo.mid", Fanny Hensel,female, Piano Sonata in G minor
"Saint-Saëns, Camille, Nocturne, 5gOIOKB2k7Y.mid", Camille Saint-Saëns,female, Nocturne
"Saint-Saëns, Camille, Romance, Op.67, K9Z88EKlNi4.mid", Camille Saint-Saëns,female, Op.67
"Galos, Giselle, Le Langage des Fleurs, shGiJ7_xBYw.mid", Giselle Galos,female, Le Langage des Fleurs
"Beach, Amy Marcy, Eskimos, Op.64, sJaJMcvI3xo.mid", Amy Marcy Beach,female, Op.64
"Beach, Amy Marcy, A Bit of Cairo, BOdtxoWPxic.mid", Amy Marcy Beach,female, A Bit of Cairo
"Galos, Giselle, En Regardant le Ciel, 7Pdp1wdn3BQ.mid", Giselle Galos,female, En Regardant le Ciel
"Carreño, Teresa, Un bal en rêve, Op.26, A_Rlra5O-XY.mid", Teresa Carreño,female, Op.26
"Holmès, Augusta Mary Anne, L'étoile du matin, vljCpNrXnUA.mid", Augusta Mary Anne Holmès,female, L'étoile du matin
"Saint-Saëns, Camille, Feuillet d'album, Op.81, TVOI9GVC3Ic.mid", Camille Saint-Saëns,female, Op.81
"Turchetto, Andrea, Variations on a Theme by Grieg, QihjMKKNdo0.mid", Andrea Turchetto,female, Variations on a Theme by Grieg
"Ferrari, Carlotta, Passio Christi, _GoY3iyWixw.mid", Carlotta Ferrari,female, Passio Christi
"Rivé-King, Julie, Supplication, q4lCwUtHxHA.mid", Julie Rivé-King,female, Supplication
"Balakirev, Mily, Mazurka No.7, rgIvnptMQZ0.mid", Mily Balakirev,female, Mazurka No.7
"Röckel, Jane, Danse russe, lSccl7RvGB8.mid", Jane Röckel,female, Danse russe
"Beach, Amy Marcy, Tyrolean Valse-Fantaisie, Op.116, hCVdC-sCcak.mid", Amy Marcy Beach,female, Op.116
"Balakirev, Mily, Reminiscences from 'A Life for the Tsar', hZTbEkRUdIY.mid", Mily Balakirev,female, Reminiscences from 'A Life for the Tsar'
"Saint-Saëns, Camille, Improvisation sur la Beethoven-Cantate, -afx16u0VTY.mid", Camille Saint-Saëns,female, Improvisation sur la Beethoven-Cantate
"Turchetto, Andrea, Variations on a Theme by Schumann_Bach, QihjMKKNdo0.mid", Andrea Turchetto,female, Variations on a Theme by Schumann_Bach
"Stamaty, Camille, La petite fileuse, Op.35, GLxsyQxCLeI.mid", Camille Stamaty,female, Op.35
"Ohe, Adele aus der, Concert Etude, Op.3, hinhdZ7nsNk.mid", Adele aus der Ohe,female, Op.3
"Bądarzewska-Baranowska, Tekla, Sympathie, 4zTK9N8n9Us.mid", Tekla Bądarzewska-Baranowska,female, Sympathie
"Ferrari, Carlotta, La solitudine degli angeli, SMGgfwSNyNI.mid", Carlotta Ferrari,female, La solitudine degli angeli
"Schumann, Clara, 3 Preludes and Fugues, Op.16, soPXiuB1hGg.mid", Clara Schumann,female, Op.16
"Seeligson, Edwina, Caprice joyeux, jyU64hHYug0.mid", Edwina Seeligson,female, Caprice joyeux
"Alexandra, Liana, Cadenza for Piano, c4xtOjFKDiI.mid", Liana Alexandra,female, Cadenza for Piano
"Balakirev, Mily, Piano Sonata No.1, Op.5, xx7D4Vu2ryM.mid", Mily Balakirev,female, Op.5
"Mourey, Colette, Serpent-Soleil, DFY-IqRM9AI.mid", Colette Mourey,female, Serpent-Soleil
"Chaminade, Cécile, Menuet, Op.23, ALrNdpqjQ6Y.mid", Cécile Chaminade,female, Op.23
"Snowdin, Christine, Scenes of Childhood No.1, nLrUO5S_kN8.mid", Christine Snowdin,female, Scenes of Childhood No.1
"Holmsen, Borghild, Festindtog på Akershus Festning, Op.11, -7k_p9iFGF4.mid", Borghild Holmsen,female, Op.11
"Saint-Saëns, Camille, Duettino, Op.11, s5fTgAkSICI.mid", Camille Saint-Saëns,female, Op.11
"Keyhani, Karen, Nightly Monologue II, u-Fv6kJzqjc.mid", Karen Keyhani,female, Nightly Monologue II
"Lewing, Adele, Berceuse, Op.14, GRtxzaeeMi8.mid", Adele Lewing,female, Op.14
"Poldini, Ede, Fleurettes, Op.46, Ot6K22ZVVhc.mid", Ede Poldini,female, Op.46
"Manns, Désirée, Sonatine No.1 in C major, FKpS9TzVqCU.mid", Désirée Manns,female, Sonatine No.1 in C major
"Stamaty, Camille, Études pittoresques, Op.21, y5NYXpPoqCk.mid", Camille Stamaty,female, Op.21
"Casalonga, Marguerite, Tango-Habanera, XjTl-bUJTIQ.mid", Marguerite Casalonga,female, Tango-Habanera
"Beauvois, Fernande, En Auvergne, Op.10, QUYZyS7s1ok.mid", Fernande Beauvois,female, Op.10
"Mourey, Colette, Biguine, eyaqu1UjLYY.mid", Colette Mourey,female, Biguine
"Mourey, Colette, Boléro, FefDHRCMKYg.mid", Colette Mourey,female, Boléro
"Galos, Giselle, L'enfant en prière, wgz0SXOgeGM.mid", Giselle Galos,female, L'enfant en prière
"Chaminade, Cécile, Andante et Scherzettino, Op.59, bhS6L6YFjq8.mid", Cécile Chaminade,female, Op.59
"Mayer, Emilie, Mazurka, Op.33, 2w1LXcL4NMI.mid", Emilie Mayer,female, Op.33
"Mourey, Colette, Le Pianiste Virtuose en progression chromatique, fHgKZMA0dEQ.mid", Colette Mourey,female, Le Pianiste Virtuose en progression chromatique
"Viëtor, Alba Rosa, Noche de Verano, XERH62-4BXY.mid", Alba Rosa Viëtor,female, Noche de Verano
"Bernet, Atie, Invention No.3, f7u6WEwukSw.mid", Atie Bernet,female, Invention No.3
"Bonis, Mel, Viennoise, Op.8, xBrjWn7h9p4.mid", Mel Bonis,female, Op.8
"Balakirev, Mily, Waltz No.3, SPXJcUeDzY0.mid", Mily Balakirev,female, Waltz No.3
"Backer-Grøndahl, Agathe, 6 Songs, Op.16, ELeX0GPhIbc.mid", Agathe Backer-Grøndahl,female, Op.16
"Saint-Saëns, Camille, Souvenir d'Italie, Op.80, bgTeJzK0RxI.mid", Camille Saint-Saëns,female, Op.80
"Galos, Giselle, Rayon d'espoir, gwDr-YUM6WI.mid", Giselle Galos,female, Rayon d'espoir
"Galos, Giselle, Au Matin sur les Cimes, WRW3tV-kc1s.mid", Giselle Galos,female, Au Matin sur les Cimes
"Mourey, Colette, 3 Miniatures, WUpz5rSsNYc.mid", Colette Mourey,female, 3 Miniatures
"Aulin, Valborg, 5 Tone poems, Op.7, TLYrNn0hw84.mid", Valborg Aulin,female, Op.7
"Saint-Saëns, Camille, Allegro appassionato, Op.70, rjagKCfhME0.mid", Camille Saint-Saëns,female, Op.70
"Alexandra, Liana, Consonances VI, h3qNBVOQtso.mid", Liana Alexandra,female, Consonances VI
"Beach, Amy Marcy, 2 Piano Pieces, Op.102, kTBbDsx5l64.mid", Amy Marcy Beach,female, Op.102
"Park, Maria Hester, Piano Sonata, Op.7, -OoYQRaor4w.mid", Maria Hester Park,female, Op.7
"Stankovych, Tatiana, Prelude No.2, Ej-zz8Mn5lU.mid", Tatiana Stankovych,female, Prelude No.2
"Chaminade, Cécile, Pièce dans le style ancien, Op.74, uVDeQ0QcVO0.mid", Cécile Chaminade,female, Op.74
"Saint-Saëns, Camille, Menuet, dhT4AUuZoy0.mid", Camille Saint-Saëns,female, Menuet
"Saint-Saëns, Camille, Caprice héroïque, Op.106, eveSQ4SEWfw.mid", Camille Saint-Saëns,female, Op.106
"Alexandra, Liana, Symphonic Poem, I4gyoEdUrfw.mid", Liana Alexandra,female, Symphonic Poem
"Backer-Grøndahl, Agathe, 5 Fantasistykker, Op.45, zQ0r6Q_Bspk.mid", Agathe Backer-Grøndahl,female, Op.45
"Beauvois, Fernande, Capriccio-Valse, LkE3I6v9OAk.mid", Fernande Beauvois,female, Capriccio-Valse
"Greenwood, Clara, The Waldemere Waltzes, zu5Aac5i4Kw.mid", Clara Greenwood,female, The Waldemere Waltzes
"Saint-Saëns, Camille, Caprice sur les airs de ballet d'Alceste de Gluck, 07KXnnI6z10.mid", Camille Saint-Saëns,female, Caprice sur les airs de ballet d'Alceste de Gluck
"Mills, Kerry, Rastus on Parade, TjhWXLRXln0.mid", Kerry Mills,female, Rastus on Parade
"Saint-Saëns, Camille, Feuillet d'album, Op.169, fzVf-Lbuw7o.mid", Camille Saint-Saëns,female, Op.169
"Saint-Saëns, Camille, 6 Études, Op.52, goY8Q_nfZWU.mid", Camille Saint-Saëns,female, Op.52
"Saint-Saëns, Camille, 6 Études pour la main gauche seule, Op.135, skTRoUSZf1c.mid", Camille Saint-Saëns,female, Op.135
"Schumann, Clara, 4 Pièces caractéristiques, Op.5, 3Q74lPsibCw.mid", Clara Schumann,female, Op.5
"Kamman, Effie F., Dance of the Brownies, 7-EoP8Y4dcU.mid", Effie F. Kamman,female, Dance of the Brownies
"Chaminade, Cécile, Valse-ballet, Op.112, ETr-QbOLxy4.mid", Cécile Chaminade,female, Op.112
"Ferrari, Carlotta, Volo pericoloso, AcAFbNVszVo.mid", Carlotta Ferrari,female, Volo pericoloso
"Turchetto, Andrea, Variations on a Theme by Mozart, QihjMKKNdo0.mid", Andrea Turchetto,female, Variations on a Theme by Mozart
"Chaminade, Cécile, Caprice humoristique, Op.113, NVeWXTr_FZ0.mid", Cécile Chaminade,female, Op.113
"Schumann, Clara, Piano Sonata in G minor, Pw4fMNMO90U.mid", Clara Schumann,female, Piano Sonata in G minor
"Turchetto, Andrea, Intermezzo in D major, wCF7hMFZkRk.mid", Andrea Turchetto,female, Intermezzo in D major
"Schumann, Clara, Variationen über ein Thema von Robert Schumann, Op.20, AP6-K8CAx0A.mid", Clara Schumann,female, Op.20
"Chaminade, Cécile, Pastel, Op.128, CnpdEeL1-88.mid", Cécile Chaminade,female, Op.128
"Chaminade, Cécile, Barcarolle, Op.7, LFJqUakPcy0.mid", Cécile Chaminade,female, Op.7
"Audain, Irene, Under the Palms, XLoudacfFIE.mid", Irene Audain,female, Under the Palms
"Schumann, Clara, Soirées musicales, Op.6, LnfTeZanuzk.mid", Clara Schumann,female, Op.6
"Chaminade, Cécile, Guitare, Op.32, Ga3b0cwGIH8.mid", Cécile Chaminade,female, Op.32
"Bonis, Mel, Romance sans paroles, Op.56, Wgp2qWw_1_c.mid", Mel Bonis,female, Op.56
"Casalonga, Marguerite, 2 Caprices, vlyEBzuf2cA.mid", Marguerite Casalonga,female, 2 Caprices
"Dobyns, Geraldine, Bull Dog Rag, rpXLjQ7eXUs.mid", Geraldine Dobyns,female, Bull Dog Rag
"Bądarzewska-Baranowska, Tekla, La seconde prière d'une vierge, ae3Hm9FLG_U.mid", Tekla Bądarzewska-Baranowska,female, La seconde prière d'une vierge
"Hopekirk, Helen, Romance in A minor, GBgNA019FWs.mid", Helen Hopekirk,female, Romance in A minor
"Fine, Elaine, Obsequy for Trombone and Piano, Y7TOlnLHrUw.mid", Elaine Fine,female, Obsequy for Trombone and Piano
"Rogers, Clara Kathleen, Scherzo, Op.15, -05HStfIoDQ.mid", Clara Kathleen Rogers,female, Op.15
"Turchetto, Andrea, Intermezzo in E major, hkzVl4MDVhE.mid", Andrea Turchetto,female, Intermezzo in E major
"Schubert, Camille, La Fée de la Prairie, Op.222, K5zZrYKdqKw.mid", Camille Schubert,female, Op.222
